Date,Open,residuals,predicted,tomorrow,action
2018-11-19,1.3400000333786009,0.12052881717681907,1.4605289,1.4473788,buy
2018-11-20,1.3600000143051147,0.08737874031066895,1.4473788,1.4384543,buy
2018-11-21,1.3700000047683716,0.06845426559448242,1.4384543,1.4309666,buy
2018-11-23,1.350000023841858,0.08096659183502197,1.4309666,1.4224348,buy
2018-11-26,1.3899999856948853,0.032434821128845215,1.4224348,1.4191728,buy
2018-11-27,1.3700000047683716,0.04917275905609131,1.4191728,1.4135365,buy
2018-11-28,1.3200000524520874,0.09353649616241455,1.4135365,1.4039005,buy
2018-11-29,1.3700000047683716,0.03390049934387207,1.4039005,1.3991693,buy
2018-11-30,1.3600000143051147,0.0391693115234375,1.3991693,1.3941423,buy
2018-12-03,1.3700000047683716,0.02414226531982422,1.3941423,1.3908403,buy
2018-12-04,1.440000057220459,-0.04915976524353027,1.3908403,1.394121,sell
2018-12-06,1.350000023841858,0.04412102699279785,1.394121,1.3889014,buy
2018-12-07,1.4199999570846558,-0.031098604202270508,1.3889014,1.3907708,sell
2018-12-10,1.4299999475479126,-0.03922915458679199,1.3907708,1.3936181,sell
2018-12-11,1.4099999666213991,-0.016381859779358132,1.3936181,1.3932364,sell
2018-12-12,1.440000057220459,-0.04676365852355957,1.3932364,1.3963729,sell
2018-12-13,1.4199999570846558,-0.023627042770385742,1.3963729,1.3974451,sell
2018-12-14,1.4199999570846558,-0.022554874420166016,1.3974451,1.3983271,sell
2018-12-17,1.4199999570846558,-0.021672844886779785,1.3983271,1.3992169,sell
2018-12-18,1.440000057220459,-0.04078316688537598,1.3992169,1.4019896,sell
2018-12-19,1.399999976158142,0.001989603042602539,1.4019896,1.4000964,buy
2018-12-20,1.399999976158142,9.644031524658203e-05,1.4000964,1.3984017,sell
2018-12-21,1.350000023841858,0.048401713371276855,1.3984017,1.3925383,buy
2018-12-24,1.2000000476837158,0.19253826141357422,1.3925383,1.373792,buy
2018-12-26,1.2899999618530271,0.08379209041595481,1.373792,1.3654579,buy
2018-12-27,1.2300000190734863,0.1354578733444214,1.3654579,1.351999,buy
2018-12-28,1.2999999523162842,0.05199909210205078,1.351999,1.3473392,buy
2018-12-31,1.2899999618530271,0.0573391914367678,1.3473392,1.3418939,buy
2019-01-02,1.2699999809265137,0.07189393043518066,1.3418939,1.3348286,buy
2019-01-03,1.3400000333786009,-0.005171418190002219,1.3348286,1.3344223,sell
2019-01-04,1.3200000524520874,0.014422297477722168,1.3344223,1.3332298,buy
2019-01-07,1.3300000429153442,0.0032297372817993164,1.3332298,1.332402,buy
2019-01-08,1.3700000047683716,-0.03759801387786865,1.332402,1.3351094,sell
2019-01-09,1.3700000047683716,-0.03489065170288086,1.3351094,1.3373035,sell
2019-01-10,1.3799999952316284,-0.042696475982666016,1.3373035,1.3394113,sell
2019-01-11,1.399999976158142,-0.060588717460632324,1.3394113,1.3428642,sell
2019-01-14,1.4700000286102295,-0.12713587284088135,1.3428642,1.3524909,sell
2019-01-15,1.4900000095367432,-0.13750910758972168,1.3524909,1.3626207,sell
2019-01-16,1.4700000286102295,-0.10737931728363037,1.3626207,1.3705223,sell
2019-01-17,1.4299999475479126,-0.05947768688201904,1.3705223,1.3741491,sell
2019-01-18,1.4600000381469729,-0.08585095405578635,1.3741491,1.3807538,sell
2019-01-22,1.4500000476837158,-0.06924629211425781,1.3807538,1.385557,sell
2019-01-23,1.4500000476837158,-0.06444299221038818,1.385557,1.3897454,sell
2019-01-24,1.4500000476837158,-0.060254693031311035,1.3897454,1.3939658,sell
2019-01-25,1.4700000286102295,-0.07603418827056885,1.3939658,1.3989683,sell
2019-01-28,1.4800000190734863,-0.08103168010711648,1.3989683,1.4046834,sell
2019-01-29,1.4800000190734863,-0.07531666755676247,1.4046834,1.4109344,sell
2019-01-30,1.4600000381469729,-0.04906558990478538,1.4109344,1.4141778,sell
2019-01-31,1.440000057220459,-0.02582228183746338,1.4141778,1.4156867,sell
2019-02-01,1.4600000381469729,-0.044313311576843484,1.4156867,1.4191056,sell
2019-02-04,1.5099999904632568,-0.09089434146881081,1.4191056,1.4257401,sell
2019-02-05,1.5299999713897705,-0.10425984859466553,1.4257401,1.4353033,sell
2019-02-06,1.5700000524520874,-0.13469672203063965,1.4353033,1.4467773,sell
2019-02-07,1.5800000429153442,-0.13322269916534402,1.4467773,1.4578935,sell
2019-02-08,1.5499999523162842,-0.09210646152496338,1.4578935,1.465433,sell
2019-02-11,1.5700000524520874,-0.10456705093383789,1.465433,1.4735729,sell
2019-02-12,1.559999942779541,-0.08642709255218506,1.4735729,1.4801521,sell
2019-02-13,1.6599999666213991,-0.17984783649444602,1.4801521,1.4954922,sell
2019-02-14,1.690000057220459,-0.194507837295532,1.4954922,1.5119299,sell
2019-02-15,1.6499999761581419,-0.13807010650634743,1.5119299,1.5220435,sell
2019-02-19,1.6399999856948853,-0.11795651912689209,1.5220435,1.5302521,sell
2019-02-20,1.6299999952316284,-0.09974789619445801,1.5302521,1.5359824,sell
2019-02-21,1.6200000047683716,-0.08401763439178445,1.5359824,1.5403199,sell
2019-02-22,1.6599999666213991,-0.11968004703521751,1.5403199,1.5506685,sell
2019-02-25,1.6699999570846558,-0.1193314790725708,1.5506685,1.5596651,sell
2019-02-26,1.6599999666213991,-0.10033488273620628,1.5596651,1.5680629,sell
2019-02-27,1.6599999666213991,-0.09193706512451194,1.5680629,1.5747355,sell
2019-02-28,1.6200000047683716,-0.04526448249816872,1.5747355,1.5772011,sell
2019-03-01,1.6299999952316284,-0.05279886722564697,1.5772011,1.5811697,sell
2019-03-04,1.6499999761581419,-0.06883025169372536,1.5811697,1.5858364,sell
2019-03-05,1.6499999761581419,-0.06416356563568093,1.5858364,1.5906345,sell
2019-03-06,1.6299999952316284,-0.039365530014038086,1.5906345,1.5932664,sell
2019-03-07,1.6399999856948853,-0.04673361778259277,1.5932664,1.5962934,sell
2019-03-08,1.6200000047683716,-0.02370655536651589,1.5962934,1.5974038,sell
2019-03-11,1.559999942779541,0.03740382194519043,1.5974038,1.5928762,buy
2019-03-12,1.5499999523162842,0.042876243591308594,1.5928762,1.5880077,buy
2019-03-13,1.5499999523162842,0.03800773620605469,1.5880077,1.5826676,buy
2019-03-14,1.5399999618530271,0.04266762733459495,1.5826676,1.5764157,buy
2019-03-15,1.5199999809265137,0.056415677070617676,1.5764157,1.5690179,buy
2019-03-18,1.5,0.06901788711547852,1.5690179,1.561158,buy
2019-03-19,1.5299999713897705,0.031157970428466797,1.561158,1.5564845,buy
2019-03-20,1.5299999713897705,0.02648448944091797,1.5564845,1.5524132,buy
2019-03-21,1.5299999713897705,0.022413253784179688,1.5524132,1.5487703,buy
2019-03-22,1.5099999904632568,0.03877031803131126,1.5487703,1.5436652,buy
2019-03-25,1.5199999809265137,0.023665189743041992,1.5436652,1.5397203,buy
2019-03-26,1.4600000381469729,0.07972025871276833,1.5397203,1.5302997,buy
2019-03-27,1.4700000286102295,0.06029963493347168,1.5302997,1.5227288,buy
2019-03-28,1.5,0.022728800773620605,1.5227288,1.5191393,buy
2019-03-29,1.4800000190734863,0.039139270782470925,1.5191393,1.5147102,buy
2019-04-01,1.4700000286102295,0.04471015930175781,1.5147102,1.5099612,buy
2019-04-02,1.4600000381469729,0.049961209297179954,1.5099612,1.5043489,buy
2019-04-03,1.5399999618530271,-0.03565108776092507,1.5043489,1.5067306,sell
2019-04-04,1.559999942779541,-0.053269386291503906,1.5067306,1.5102098,sell
2019-04-05,1.5299999713897705,-0.019790172576904297,1.5102098,1.5103904,sell
2019-04-08,1.4800000190734863,0.03039038181304954,1.5103904,1.5066017,buy
2019-04-09,1.5,0.006601691246032715,1.5066017,1.5051411,buy
2019-04-10,1.5299999713897705,-0.024858832359313965,1.5051411,1.5073582,sell
2019-04-11,1.4900000095367432,0.01735818386077881,1.5073582,1.5042115,buy
2019-04-12,1.5199999809265137,-0.01578843593597412,1.5042115,1.5035194,sell
2019-04-15,1.5900000333786009,-0.08648061752319314,1.5035194,1.5099664,sell
2019-04-16,1.5399999618530271,-0.030033588409423606,1.5099664,1.5112039,sell
2019-04-17,1.6000000238418581,-0.08879613876342773,1.5112039,1.5182412,sell
2019-04-18,1.6000000238418581,-0.08175885677337646,1.5182412,1.5249476,sell
2019-04-22,1.6000000238418581,-0.07505238056182861,1.5249476,1.5304404,sell
2019-04-23,1.5800000429153442,-0.04955959320068337,1.5304404,1.5332546,sell
2019-04-24,1.5299999713897705,0.0032546520233154297,1.5332546,1.531119,buy
2019-04-25,1.4800000190734863,0.051118969917297585,1.531119,1.5243794,buy
2019-04-26,1.5299999713897705,-0.005620598793029785,1.5243794,1.5237738,sell
2019-04-29,1.4800000190734863,0.04377377033233665,1.5237738,1.5184354,buy
2019-04-30,1.5199999809265137,-0.001564621925354004,1.5184354,1.5170376,sell
2019-05-01,1.5,0.017037630081176758,1.5170376,1.5136687,buy
2019-05-02,1.4800000190734863,0.03366863727569602,1.5136687,1.5088459,buy
2019-05-03,1.4700000286102295,0.03884589672088623,1.5088459,1.503047,buy
2019-05-06,1.5,0.0030469894409179688,1.503047,1.5005126,buy
2019-05-07,1.4800000190734863,0.020512580871582253,1.5005126,1.497047,buy
2019-05-08,1.5199999809265137,-0.022953033447265625,1.497047,1.4977127,sell
2019-05-09,1.5,-0.00228726863861084,1.4977127,1.4962606,sell
2019-05-10,1.4900000095367432,0.00626063346862793,1.4962606,1.4939799,buy
2019-05-13,1.4500000476837158,0.04397988319396973,1.4939799,1.4884125,buy
2019-05-14,1.4800000190734863,0.008412480354309304,1.4884125,1.4866009,buy
2019-05-15,1.4500000476837158,0.03660082817077637,1.4866009,1.4816442,buy
2019-05-16,1.3600000143051147,0.12164413928985596,1.4816442,1.4686629,buy
2019-05-17,1.3799999952316284,0.08866286277770996,1.4686629,1.4586874,buy
2019-05-20,1.3799999952316284,0.07868742942810059,1.4586874,1.4498707,buy
2019-05-21,1.3700000047683716,0.07987070083618164,1.4498707,1.4406171,buy
2019-05-22,1.3400000333786009,0.10061705112457298,1.4406171,1.4304992,buy
2019-05-23,1.309999942779541,0.12049925327301025,1.4304992,1.4186443,buy
2019-05-24,1.309999942779541,0.10864436626434326,1.4186443,1.4075103,buy
2019-05-28,1.3200000524520874,0.08751022815704346,1.4075103,1.3987521,buy
2019-05-29,1.3300000429153442,0.06875205039978027,1.3987521,1.3921083,buy
2019-05-30,1.3300000429153442,0.06210827827453613,1.3921083,1.3866215,buy
2019-05-31,1.2999999523162842,0.08662152290344238,1.3866215,1.3777386,buy
2019-06-03,1.2699999809265137,0.10773861408233643,1.3777386,1.3664613,buy
2019-06-04,1.2200000286102295,0.14646124839782715,1.3664613,1.3521034,buy
2019-06-05,1.2200000286102295,0.1321033239364624,1.3521034,1.3401432,buy
2019-06-06,1.2400000095367432,0.1001431941986084,1.3401432,1.3310695,buy
2019-06-07,1.2300000190734863,0.10106945037841797,1.3310695,1.3216047,buy
2019-06-10,1.2799999713897705,0.04160475730895996,1.3216047,1.3184376,buy
2019-06-11,1.2200000286102295,0.09843754768371582,1.3184376,1.3100916,buy
2019-06-12,1.1599999666213991,0.15009164810180642,1.3100916,1.2961603,buy
2019-06-13,1.1699999570846558,0.1261603832244873,1.2961603,1.285436,buy
2019-06-14,1.1399999856948853,0.14543604850769043,1.285436,1.2721256,buy
2019-06-17,1.190000057220459,0.08212554454803467,1.2721256,1.26423,buy
2019-06-18,1.2100000381469729,0.05422997474670388,1.26423,1.2583928,buy
2019-06-19,1.2400000095367432,0.01839280128479004,1.2583928,1.2555515,buy
2019-06-20,1.1699999570846558,0.08555150032043457,1.2555515,1.247286,buy
2019-06-21,1.190000057220459,0.05728590488433838,1.247286,1.2424022,buy
2019-06-24,1.190000057220459,0.05240213871002197,1.2424022,1.2370638,buy
2019-06-25,1.190000057220459,0.04706370830535889,1.2370638,1.233029,buy
2019-06-26,1.1599999666213991,0.07302904129028298,1.233029,1.2260197,buy
2019-06-27,1.1799999475479126,0.046019792556762695,1.2260197,1.2216364,buy
2019-06-28,1.1599999666213991,0.06163644790649392,1.2216364,1.2162411,buy
2019-07-01,1.1399999856948853,0.076241135597229,1.2162411,1.2099086,buy
2019-07-02,1.1599999666213991,0.04990863800048806,1.2099086,1.2054591,buy
2019-07-03,1.1299999952316284,0.07545912265777588,1.2054591,1.1991496,buy
2019-07-05,1.1299999952316284,0.06914961338043213,1.1991496,1.1926221,buy
2019-07-08,1.149999976158142,0.04262208938598633,1.1926221,1.1884744,buy
2019-07-09,1.1699999570846558,0.018474459648132324,1.1884744,1.1862632,buy
2019-07-10,1.1699999570846558,0.016263246536254883,1.1862632,1.1846288,buy
2019-07-11,1.190000057220459,-0.005371212959289551,1.1846288,1.1839384,sell
2019-07-12,1.2000000476837158,-0.01606166362762451,1.1839384,1.1840876,sell
2019-07-15,1.1399999856948853,0.04408764839172363,1.1840876,1.1802361,buy
2019-07-16,1.1399999856948853,0.04023611545562744,1.1802361,1.1763506,buy
2019-07-17,1.1299999952316284,0.04635059833526611,1.1763506,1.1717535,buy
2019-07-18,1.1100000143051147,0.06175351142883301,1.1717535,1.165757,buy
2019-07-19,1.1699999570846558,-0.004243016242980957,1.165757,1.1658375,sell
2019-07-22,1.0700000524520874,0.09583747386932373,1.1658375,1.15764,buy
2019-07-23,1.1200000047683716,0.03763997554779053,1.15764,1.1546136,buy
2019-07-24,1.149999976158142,0.004613637924194336,1.1546136,1.1542218,buy
2019-07-25,1.1699999570846558,-0.015778183937072754,1.1542218,1.1551625,sell
2019-07-26,1.1100000143051147,0.04516243934631348,1.1551625,1.1503686,buy
2019-07-29,1.149999976158142,0.0003685951232910156,1.1503686,1.149595,sell
2019-07-30,1.1399999856948853,0.009595036506652832,1.149595,1.1481718,buy
2019-07-31,1.1200000047683716,0.028171777725219727,1.1481718,1.1458834,buy
2019-08-01,1.1399999856948853,0.005883455276489258,1.1458834,1.1456052,buy
2019-08-02,1.100000023841858,0.04560518264770508,1.1456052,1.1415,buy
2019-08-05,1.0800000429153442,0.061499953269958496,1.1415,1.1361362,buy
2019-08-06,1.0599999427795408,0.07613623142242454,1.1361362,1.1283746,buy
2019-08-07,1.0700000524520874,0.05837452411651611,1.1283746,1.1228292,buy
2019-08-08,1.1200000047683716,0.0028291940689086914,1.1228292,1.12307,buy
2019-08-09,1.0599999427795408,0.06307005882263206,1.12307,1.1180269,buy
2019-08-12,1.0900000333786009,0.0280268192291262,1.1180269,1.1168182,buy
2019-08-13,1.1100000143051147,0.006818175315856934,1.1168182,1.1167902,buy
2019-08-14,1.100000023841858,0.016790151596069336,1.1167902,1.1155213,buy
2019-08-15,1.100000023841858,0.01552128791809082,1.1155213,1.1135815,buy
2019-08-16,1.100000023841858,0.013581514358520508,1.1135815,1.1128546,buy
2019-08-19,1.1200000047683716,-0.007145404815673828,1.1128546,1.113534,sell
2019-08-20,1.100000023841858,0.013533949851989746,1.113534,1.1122855,buy
2019-08-21,1.100000023841858,0.012285470962524414,1.1122855,1.110975,buy
2019-08-22,1.1200000047683716,-0.009024977684020996,1.110975,1.111925,sell
2019-08-23,1.0700000524520874,0.04192495346069336,1.111925,1.1080124,buy
2019-08-26,1.0700000524520874,0.03801238536834717,1.1080124,1.1047121,buy
2019-08-27,1.0700000524520874,0.03471207618713379,1.1047121,1.1020862,buy
2019-08-28,1.0599999427795408,0.04208624362945579,1.1020862,1.0985137,buy
2019-08-29,1.0800000429153442,0.01851367950439453,1.0985137,1.0975714,buy
2019-08-30,1.0900000333786009,0.007571339607238992,1.0975714,1.0977656,buy
2019-09-03,1.0599999427795408,0.03776562213897727,1.0977656,1.0951864,buy
2019-09-04,1.0900000333786009,0.005186319351196511,1.0951864,1.0951447,buy
2019-09-05,1.0700000524520874,0.02514469623565674,1.0951447,1.0933636,buy
2019-09-06,1.1699999570846558,-0.07663631439208984,1.0933636,1.0998539,sell
2019-09-09,1.1100000143051147,-0.010146141052246094,1.0998539,1.0999708,sell
2019-09-10,1.149999976158142,-0.05002915859222412,1.0999708,1.1043042,sell
2019-09-11,1.1599999666213991,-0.05569577217102073,1.1043042,1.1089827,sell
2019-09-12,1.190000057220459,-0.0810173749923706,1.1089827,1.115914,sell
2019-09-13,1.149999976158142,-0.034085988998413086,1.115914,1.1190828,sell
2019-09-16,1.1399999856948853,-0.020917177200317383,1.1190828,1.119959,sell
2019-09-17,1.1100000143051147,0.009958982467651367,1.119959,1.1199632,buy
2019-09-18,1.1699999570846558,-0.05003678798675537,1.1199632,1.1246552,sell
2019-09-19,1.1699999570846558,-0.04534471035003662,1.1246552,1.1284204,sell
2019-09-20,1.1200000047683716,0.008420348167419434,1.1284204,1.1269437,buy
2019-09-23,1.149999976158142,-0.0230562686920166,1.1269437,1.1292151,sell
2019-09-24,1.1200000047683716,0.009215116500854492,1.1292151,1.1279479,buy
2019-09-25,1.1299999952316284,-0.0020520687103271484,1.1279479,1.1276722,sell
2019-09-26,1.1100000143051147,0.017672181129455566,1.1276722,1.1258987,buy
2019-09-27,1.1200000047683716,0.005898714065551758,1.1258987,1.124612,buy
2019-09-30,1.0,0.12461197376251221,1.124612,1.1135408,buy
2019-10-01,1.0199999809265137,0.09354078769683838,1.1135408,1.1056876,buy
2019-10-02,1.0499999523162842,0.055687665939331055,1.1056876,1.1016995,buy
2019-10-03,0.9800000190734864,0.12169945240020741,1.1016995,1.0921354,buy
2019-10-04,1.0499999523162842,0.04213547706604004,1.0921354,1.0886681,buy
2019-10-07,1.0099999904632568,0.07866811752319336,1.0886681,1.0831559,buy
2019-10-08,1.0199999809265137,0.0631558895111084,1.0831559,1.0787004,buy
2019-10-09,1.0199999809265137,0.05870044231414795,1.0787004,1.0743161,buy
2019-10-10,1.0399999618530271,0.03431618213653587,1.0743161,1.0721719,buy
2019-10-11,0.9900000095367432,0.08217191696166981,1.0721719,1.0659506,buy
2019-10-14,1.0299999713897705,0.035950660705566406,1.0659506,1.0637064,buy
2019-10-15,1.0099999904632568,0.05370640754699707,1.0637064,1.0594969,buy
2019-10-16,1.0099999904632568,0.04949688911437988,1.0594969,1.0558717,buy
2019-10-17,1.0599999427795408,-0.004128217697143333,1.0558717,1.0566894,sell
2019-10-18,1.0,0.05668938159942627,1.0566894,1.0517123,buy
2019-10-21,1.0399999618530271,0.01171231269836448,1.0517123,1.0512798,buy
2019-10-22,0.9800000190734864,0.07127976417541493,1.0512798,1.0457954,buy
2019-10-23,1.0800000429153442,-0.03420460224151611,1.0457954,1.049318,sell
2019-10-24,1.0599999427795408,-0.010681986808776633,1.049318,1.0510244,sell
2019-10-25,1.0399999618530271,0.011024475097656472,1.0510244,1.050619,buy
2019-10-28,1.0299999713897705,0.02061903476715088,1.050619,1.0492848,buy
2019-10-29,1.0399999618530271,0.009284853935241921,1.0492848,1.0496461,buy
2019-10-30,1.0700000524520874,-0.02035391330718994,1.0496461,1.0522933,sell
2019-10-31,1.0700000524520874,-0.017706751823425293,1.0522933,1.0554001,sell
2019-11-01,1.0199999809265137,0.0354001522064209,1.0554001,1.0524163,buy
2019-11-04,1.0299999713897705,0.022416353225708008,1.0524163,1.0517182,buy
2019-11-05,1.0099999904632568,0.041718244552612305,1.0517182,1.0489193,buy
2019-11-06,1.0599999427795408,-0.011080622673034446,1.0489193,1.0505155,sell
2019-11-07,1.0599999427795408,-0.009484410285949485,1.0505155,1.0512679,sell
2019-11-08,1.0399999618530271,0.011267900466919167,1.0512679,1.0507658,buy
2019-11-11,1.0199999809265137,0.030765771865844727,1.0507658,1.0487726,buy
2019-11-12,1.0099999904632568,0.0387725830078125,1.0487726,1.0468023,buy
2019-11-13,0.9900000095367432,0.05680227279663075,1.0468023,1.0423374,buy
2019-11-14,1.0199999809265137,0.02233743667602539,1.0423374,1.0406122,buy
2019-11-15,1.0099999904632568,0.03061223030090332,1.0406122,1.0388938,buy
2019-11-18,1.0,0.038893818855285645,1.0388938,1.0358107,buy
2019-11-19,1.0099999904632568,0.025810718536376953,1.0358107,1.0341246,buy
2019-11-20,0.9900000095367432,0.044124603271484264,1.0341246,1.030418,buy
2019-11-21,1.0,0.030418038368225098,1.030418,1.0278515,buy
2019-11-22,1.0099999904632568,0.01785147190093994,1.0278515,1.0256377,buy
2019-11-25,1.0099999904632568,0.015637755393981934,1.0256377,1.0254351,buy
2019-11-26,1.0,0.02543509006500244,1.0254351,1.0241203,buy
2019-11-27,1.0299999713897705,-0.005879640579223633,1.0241203,1.0248244,sell
2019-11-29,1.0199999809265137,0.004824399948120117,1.0248244,1.0258261,buy
2019-12-02,1.0299999713897705,-0.004173874855041504,1.0258261,1.0263782,sell
2019-12-03,1.0599999427795408,-0.03362178802490212,1.0263782,1.0300126,sell
2019-12-04,1.0099999904632568,0.020012617111206055,1.0300126,1.0288872,buy
2019-12-05,1.0299999713897705,-0.001112818717956543,1.0288872,1.029569,sell
2019-12-06,1.0399999618530271,-0.010430932044982688,1.029569,1.0305911,sell
2019-12-09,1.0199999809265137,0.01059114933013916,1.0305911,1.0306988,buy
2019-12-10,1.0099999904632568,0.02069878578186035,1.0306988,1.029352,buy
2019-12-11,1.0,0.02935194969177246,1.029352,1.0276845,buy
2019-12-12,1.0,0.027684450149536133,1.0276845,1.02634,buy
2019-12-13,0.9700000286102296,0.05633997917175293,1.02634,1.0217184,buy
2019-12-16,1.0099999904632568,0.011718392372131348,1.0217184,1.0219787,buy
2019-12-17,0.9900000095367432,0.031978726387023815,1.0219787,1.0199423,buy
2019-12-18,0.9800000190734864,0.039942264556884655,1.0199423,1.0185453,buy
2019-12-19,1.0499999523162842,-0.03145468235015869,1.0185453,1.0216038,sell
2019-12-20,1.0199999809265137,0.001603841781616211,1.0216038,1.0219736,buy
2019-12-23,1.0299999713897705,-0.008026361465454102,1.0219736,1.023441,sell
2019-12-24,0.9800000190734864,0.043440937995910534,1.023441,1.020782,buy
2019-12-26,0.9900000095367432,0.030781984329223522,1.020782,1.0191764,buy
2019-12-27,1.0,0.019176363945007324,1.0191764,1.0179889,buy
2019-12-30,0.9900000095367432,0.027988910675048717,1.0179889,1.0158498,buy
2019-12-31,0.9900000095367432,0.0258498191833495,1.0158498,1.0146896,buy
2020-01-02,1.0,0.01468956470489502,1.0146896,1.0143613,buy
2020-01-03,0.9900000095367432,0.024361252784728893,1.0143613,1.0136691,buy
2020-01-06,0.9900000095367432,0.023669123649597057,1.0136691,1.0121891,buy
2020-01-07,1.0399999618530271,-0.02781081199645974,1.0121891,1.0148159,sell
2020-01-08,1.0299999713897705,-0.01518404483795166,1.0148159,1.0164198,sell
2020-01-09,1.0399999618530271,-0.023580193519592063,1.0164198,1.0188812,sell
2020-01-10,1.0499999523162842,-0.03111875057220459,1.0188812,1.0220313,sell
2020-01-13,1.25,-0.22796869277954102,1.0220313,1.0422713,sell
2020-01-14,1.1200000047683716,-0.0777287483215332,1.0422713,1.0488421,sell
2020-01-15,1.100000023841858,-0.05115795135498047,1.0488421,1.0531754,sell
2020-01-16,1.1100000143051147,-0.056824564933776855,1.0531754,1.0581474,sell
2020-01-17,1.100000023841858,-0.041852593421936035,1.0581474,1.0616317,sell
2020-01-21,1.100000023841858,-0.0383683443069458,1.0616317,1.0652245,sell
2020-01-22,1.1100000143051147,-0.04477548599243164,1.0652245,1.0693213,sell
2020-01-23,1.1100000143051147,-0.04067873954772949,1.0693213,1.0729667,sell
2020-01-24,1.1299999952316284,-0.05703330039978027,1.0729667,1.0780922,sell
2020-01-27,1.100000023841858,-0.021907806396484375,1.0780922,1.0804696,sell
2020-01-28,1.0800000429153442,0.00046956539154052734,1.0804696,1.0805265,buy
2020-01-29,1.1299999952316284,-0.04947352409362793,1.0805265,1.0851753,sell
2020-01-30,1.1100000143051147,-0.02482473850250244,1.0851753,1.0875324,sell
2020-01-31,1.0900000333786009,-0.00246763229370095,1.0875324,1.0873238,sell
2020-02-03,1.100000023841858,-0.012676239013671875,1.0873238,1.0888182,sell
2020-02-04,1.0800000429153442,0.00881814956665039,1.0888182,1.0881184,buy
2020-02-05,1.1200000047683716,-0.03188157081604004,1.0881184,1.0906596,sell
2020-02-06,1.1200000047683716,-0.029340386390686035,1.0906596,1.0931236,sell
2020-02-07,1.1399999856948853,-0.04687643051147461,1.0931236,1.0971465,sell
2020-02-10,1.1299999952316284,-0.03285348415374756,1.0971465,1.1000167,sell
2020-02-11,1.1399999856948853,-0.039983272552490234,1.1000167,1.1034441,sell
2020-02-12,1.1399999856948853,-0.03655588626861572,1.1034441,1.1071439,sell
2020-02-13,1.1200000047683716,-0.012856125831604004,1.1071439,1.1081396,sell
2020-02-14,1.1299999952316284,-0.021860361099243164,1.1081396,1.1103119,sell
2020-02-18,1.1599999666213991,-0.04968810081481956,1.1103119,1.1152422,sell
2020-02-19,1.1299999952316284,-0.014757752418518066,1.1152422,1.1158334,sell
2020-02-20,1.0900000333786009,0.025833368301391824,1.1158334,1.1132134,buy
2020-02-21,1.0800000429153442,0.03321337699890137,1.1132134,1.1096443,buy
2020-02-24,1.0900000333786009,0.019644260406494363,1.1096443,1.1081007,buy
2020-02-25,1.0599999427795408,0.048100709915161355,1.1081007,1.1040294,buy
2020-02-26,1.0499999523162842,0.05402946472167969,1.1040294,1.099372,buy
2020-02-27,1.0399999618530271,0.05937206745147727,1.099372,1.0945637,buy
2020-02-28,0.9700000286102296,0.12456369400024414,1.0945637,1.0843967,buy
2020-03-02,1.0,0.08439671993255615,1.0843967,1.0778496,buy
2020-03-03,1.0099999904632568,0.06784963607788086,1.0778496,1.0732203,buy
2020-03-04,0.9900000095367432,0.08322024345397938,1.0732203,1.0677445,buy
2020-03-05,0.9900000095367432,0.0777444839477538,1.0677445,1.0623018,buy
2020-03-06,1.0,0.06230175495147705,1.0623018,1.0587353,buy
2020-03-09,1.0099999904632568,0.04873526096343994,1.0587353,1.0566564,buy
2020-03-10,1.0099999904632568,0.04665637016296387,1.0566564,1.0551575,buy
2020-03-11,1.0099999904632568,0.045157551765441895,1.0551575,1.0501525,buy
2020-03-12,0.9900000095367432,0.060152530670165905,1.0501525,1.0456275,buy
2020-03-13,1.0,0.045627474784851074,1.0456275,1.0426598,buy
2020-03-16,0.9900000095367432,0.0526597499847411,1.0426598,1.038927,buy
2020-03-17,1.0299999713897705,0.008926987648010254,1.038927,1.0390533,buy
2020-03-18,1.0199999809265137,0.019053339958190918,1.0390533,1.0383146,buy
2020-03-19,0.959999978542328,0.0783146023750303,1.0383146,1.032418,buy
2020-03-20,1.0,0.032418012619018555,1.032418,1.0304486,buy
2020-03-23,0.9900000095367432,0.04044854640960682,1.0304486,1.0273494,buy
2020-03-24,1.0499999523162842,-0.022650599479675293,1.0273494,1.0299948,sell
2020-03-25,1.100000023841858,-0.07000517845153809,1.0299948,1.0369931,sell
2020-03-26,1.0199999809265137,0.016993165016174316,1.0369931,1.0356555,buy
2020-03-27,1.0800000429153442,-0.044344544410705566,1.0356555,1.0397438,sell
2020-03-30,1.149999976158142,-0.11025619506835938,1.0397438,1.0497454,sell
2020-03-31,1.0700000524520874,-0.02025461196899414,1.0497454,1.0518675,sell
2020-04-01,1.1200000047683716,-0.06813251972198486,1.0518675,1.0586317,sell
2020-04-02,1.1299999952316284,-0.07136833667755127,1.0586317,1.0651152,sell
2020-04-03,1.100000023841858,-0.03488481044769287,1.0651152,1.0685146,sell
2020-04-06,1.100000023841858,-0.03148543834686279,1.0685146,1.0713255,sell
2020-04-07,1.0700000524520874,0.0013254880905151367,1.0713255,1.0715061,buy
2020-04-08,1.100000023841858,-0.028493881225585938,1.0715061,1.0741211,sell
2020-04-09,1.0900000333786009,-0.015878915786742942,1.0741211,1.0755799,sell
2020-04-13,1.1200000047683716,-0.04442012310028076,1.0755799,1.0798191,sell
2020-04-14,1.149999976158142,-0.07018089294433594,1.0798191,1.0860405,sell
2020-04-15,1.0800000429153442,0.006040453910827637,1.0860405,1.0848216,buy
2020-04-16,1.1100000143051147,-0.02517843246459961,1.0848216,1.0864798,sell
2020-04-17,1.0499999523162842,0.036479830741882324,1.0864798,1.0832381,buy
2020-04-20,1.100000023841858,-0.0167618989944458,1.0832381,1.0846758,sell
2020-04-21,1.0599999427795408,0.024675846099853738,1.0846758,1.0820897,buy
2020-04-22,1.100000023841858,-0.017910361289978027,1.0820897,1.0834408,sell
2020-04-23,1.0499999523162842,0.03344082832336426,1.0834408,1.0802457,buy
2020-04-24,1.0099999904632568,0.07024574279785156,1.0802457,1.073842,buy
2020-04-27,1.0299999713897705,0.04384207725524902,1.073842,1.0709879,buy
2020-04-28,1.0700000524520874,0.0009878873825073242,1.0709879,1.0714272,buy
2020-04-29,1.0299999713897705,0.04142725467681885,1.0714272,1.0681652,buy
2020-04-30,1.0599999427795408,0.008165240287780984,1.0681652,1.0681177,buy
2020-05-01,1.100000023841858,-0.031882286071777344,1.0681177,1.071535,sell
2020-05-04,1.100000023841858,-0.02846503257751465,1.071535,1.074451,sell
2020-05-05,1.1100000143051147,-0.035549044609069824,1.074451,1.077714,sell
2020-05-06,1.100000023841858,-0.022286057472229004,1.077714,1.0796978,sell
2020-05-07,1.100000023841858,-0.020302176475524902,1.0796978,1.0813907,sell
2020-05-08,1.100000023841858,-0.018609285354614258,1.0813907,1.0832458,sell
2020-05-11,1.149999976158142,-0.06675422191619873,1.0832458,1.0891007,sell
2020-05-12,1.100000023841858,-0.01089930534362793,1.0891007,1.0903059,sell
2020-05-13,1.100000023841858,-0.009694099426269531,1.0903059,1.0907147,sell
2020-05-14,1.0900000333786009,0.0007146596908571556,1.0907147,1.0902991,buy
2020-05-15,1.0800000429153442,0.010299086570739746,1.0902991,1.0903237,buy
2020-05-18,1.0900000333786009,0.00032365322113059314,1.0903237,1.0909352,buy
2020-05-19,1.0900000333786009,0.000935196876526101,1.0909352,1.0921159,buy
2020-05-20,1.100000023841858,-0.00788414478302002,1.0921159,1.0934018,sell
2020-05-21,1.1399999856948853,-0.046598196029663086,1.0934018,1.0971965,sell
2020-05-22,1.2000000476837158,-0.10280358791351318,1.0971965,1.1073984,sell
2020-05-26,1.25,-0.1426016092300415,1.1073984,1.1202847,sell
2020-05-27,1.1599999666213991,-0.0397152900695803,1.1202847,1.1227859,sell
2020-05-28,1.2100000381469729,-0.08721411228179954,1.1227859,1.1307944,sell
2020-05-29,1.2400000095367432,-0.10920560359954834,1.1307944,1.1399003,sell
2020-06-01,1.2400000095367432,-0.10009968280792236,1.1399003,1.1478113,sell
2020-06-02,1.2400000095367432,-0.09218871593475342,1.1478113,1.1553736,sell
2020-06-03,1.25,-0.09462642669677734,1.1553736,1.1630886,sell
2020-06-04,1.25,-0.08691143989562988,1.1630886,1.1707069,sell
2020-06-05,1.25,-0.0792931318283081,1.1707069,1.1772412,sell
2020-06-08,1.25,-0.07275879383087158,1.1772412,1.1834338,sell
2020-06-09,1.309999942779541,-0.12656617164611816,1.1834338,1.1939095,sell
2020-06-10,1.2799999713897705,-0.08609044551849365,1.1939095,1.1998883,sell
2020-06-11,1.2699999809265137,-0.07011163234710693,1.1998883,1.2054117,sell
2020-06-12,1.2400000095367432,-0.03458833694458008,1.2054117,1.2070936,sell
2020-06-15,1.2699999809265137,-0.06290638446807861,1.2070936,1.2123259,sell
2020-06-16,1.3799999952316284,-0.16767406463623047,1.2123259,1.226068,sell
2020-06-17,1.440000057220459,-0.21393203735351562,1.226068,1.2444683,sell
2020-06-18,1.3300000429153442,-0.08553171157836914,1.2444683,1.2501689,sell
2020-06-19,1.4199999570846558,-0.1698310375213623,1.2501689,1.2642096,sell
2020-06-22,1.5,-0.23579037189483643,1.2642096,1.2850797,sell
2020-06-23,1.4299999475479126,-0.1449202299118042,1.2850797,1.2974156,sell
2020-06-24,1.3899999856948853,-0.09258437156677246,1.2974156,1.3043478,sell
2020-06-25,1.3899999856948853,-0.08565223217010498,1.3043478,1.3115691,sell
2020-06-26,1.3799999952316284,-0.06843090057373047,1.3115691,1.3170611,sell
2020-06-29,1.2599999904632568,0.057061076164245605,1.3170611,1.3105115,buy
2020-06-30,1.2899999618530271,0.020511507987976296,1.3105115,1.3075488,buy
2020-07-01,1.2999999523162842,0.007548809051513672,1.3075488,1.3057125,buy
2020-07-02,1.3200000524520874,-0.014287590980529785,1.3057125,1.3061119,sell
2020-07-06,1.3200000524520874,-0.013888120651245117,1.3061119,1.3065352,sell
2020-07-07,1.309999942779541,-0.0034646987915039062,1.3065352,1.3060839,sell
2020-07-08,1.3300000429153442,-0.023916125297546387,1.3060839,1.3064902,sell
2020-07-09,1.3400000333786009,-0.03350985050201394,1.3064902,1.3084173,sell
2020-07-10,1.309999942779541,-0.0015826225280761719,1.3084173,1.3073766,sell
2020-07-13,1.2899999618530271,0.0173766613006594,1.3073766,1.3048329,buy
2020-07-14,1.2799999713897705,0.024832963943481445,1.3048329,1.3020034,buy
2020-07-15,1.3200000524520874,-0.017996668815612793,1.3020034,1.3031968,sell
2020-07-16,1.2599999904632568,0.043196797370910645,1.3031968,1.2992103,buy
2020-07-17,1.2799999713897705,0.019210338592529297,1.2992103,1.297805,buy
2020-07-20,1.2799999713897705,0.017804980278015137,1.297805,1.2963758,buy
2020-07-21,1.2699999809265137,0.026375770568847656,1.2963758,1.2934301,buy
2020-07-22,1.2400000095367432,0.05343008041381836,1.2934301,1.2871188,buy
2020-07-23,1.2599999904632568,0.027118802070617676,1.2871188,1.2848754,buy
2020-07-24,1.2699999809265137,0.014875411987304688,1.2848754,1.2831985,buy
2020-07-27,1.2599999904632568,0.023198485374450684,1.2831985,1.2803597,buy
2020-07-28,1.309999942779541,-0.02964019775390625,1.2803597,1.2822868,sell
2020-07-29,1.2999999523162842,-0.017713189125061035,1.2822868,1.2831485,sell
2020-07-30,1.2899999618530271,-0.0068514347076413795,1.2831485,1.2829093,sell
2020-07-31,1.4099999666213991,-0.12709069252014182,1.2829093,1.2935429,sell
2020-08-03,1.4199999570846558,-0.1264570951461792,1.2935429,1.3041526,sell
2020-08-04,1.4500000476837158,-0.14584743976593018,1.3041526,1.3166666,sell
2020-08-05,1.440000057220459,-0.12333345413208008,1.3166666,1.3260907,sell
2020-08-06,1.4199999570846558,-0.09390926361083984,1.3260907,1.3333129,sell
2020-08-07,1.4299999475479126,-0.09668707847595215,1.3333129,1.3412263,sell
2020-08-10,1.440000057220459,-0.09877371788024902,1.3412263,1.3504477,sell
2020-08-11,1.399999976158142,-0.049552321434020996,1.3504477,1.3554918,sell
2020-08-12,1.350000023841858,0.005491733551025391,1.3554918,1.354178,buy
2020-08-13,1.3799999952316284,-0.025822043418884277,1.354178,1.3547819,sell
2020-08-14,1.3600000143051147,-0.005218148231506348,1.3547819,1.3556411,sell
2020-08-17,1.3700000047683716,-0.014358878135681152,1.3556411,1.3561661,sell
2020-08-18,2.1800000667572017,-0.8238339424133296,1.3561661,1.4310386,sell
2020-08-19,1.6200000047683716,-0.1889613866806028,1.4310386,1.4460353,sell
2020-08-20,1.7400000095367432,-0.2939647436141968,1.4460353,1.4714288,sell
2020-08-21,1.6499999761581419,-0.17857122421264626,1.4714288,1.4853193,sell
2020-08-24,1.6399999856948853,-0.15468072891235352,1.4853193,1.4966102,sell
2020-08-25,1.559999942779541,-0.06338977813720703,1.4966102,1.501114,sell
2020-08-26,1.6499999761581419,-0.14888596534728982,1.501114,1.5137517,sell
2020-08-27,1.5199999809265137,-0.0062482357025146484,1.5137517,1.5126474,sell
2020-08-28,1.6200000047683716,-0.10735261440277077,1.5126474,1.5211809,sell
2020-08-31,1.6299999952316284,-0.10881912708282471,1.5211809,1.5298908,sell
2020-09-01,1.6200000047683716,-0.09010922908782937,1.5298908,1.53699,sell
2020-09-02,1.6000000238418581,-0.06300997734069824,1.53699,1.5410935,sell
2020-09-03,1.5399999618530271,0.0010935068130495385,1.5410935,1.5386202,sell
2020-09-04,1.4900000095367432,0.04862022399902344,1.5386202,1.5319214,buy
2020-09-08,1.4800000190734863,0.051921367645263894,1.5319214,1.5252665,buy
2020-09-09,1.5,0.025266528129577637,1.5252665,1.5214074,buy
2020-09-10,1.5,0.021407365798950195,1.5214074,1.5170884,buy
2020-09-11,1.5199999809265137,-0.0029115676879882812,1.5170884,1.515979,sell
2020-09-14,1.4500000476837158,0.06597900390625,1.515979,1.5079426,buy
2020-09-15,1.399999976158142,0.10794258117675781,1.5079426,1.4959189,buy
2020-09-16,1.4099999666213991,0.08591890335082986,1.4959189,1.4861819,buy
2020-09-17,1.4199999570846558,0.06618189811706543,1.4861819,1.4789962,buy
2020-09-18,1.4299999475479126,0.0489962100982666,1.4789962,1.4733362,buy
2020-09-21,1.4500000476837158,0.023336172103881836,1.4733362,1.4701208,buy
2020-09-22,1.3700000047683716,0.10012078285217285,1.4701208,1.4602838,buy
2020-09-23,1.4500000476837158,0.010283708572387695,1.4602838,1.4583473,buy
2020-09-24,1.3799999952316284,0.07834732532501221,1.4583473,1.4506171,buy
2020-09-25,1.350000023841858,0.10061705112457275,1.4506171,1.4417384,buy
2020-09-28,1.4099999666213991,0.03173840045928933,1.4417384,1.4376535,buy
2020-09-29,1.4099999666213991,0.02765357494354226,1.4376535,1.4337893,buy
2020-09-30,1.399999976158142,0.03378927707672119,1.4337893,1.4287342,buy
2020-10-01,1.4099999666213991,0.018734216690063255,1.4287342,1.4250447,buy
2020-10-02,1.4099999666213991,0.015044689178466575,1.4250447,1.4219624,buy
2020-10-05,1.4600000381469729,-0.038037657737732156,1.4219624,1.4235773,sell
2020-10-06,1.4700000286102295,-0.046422719955444336,1.4235773,1.4256977,sell
2020-10-07,1.4500000476837158,-0.024302363395690918,1.4256977,1.4266316,sell
2020-10-08,1.4800000190734863,-0.05336844921112038,1.4266316,1.43188,sell
2020-10-09,1.5099999904632568,-0.07811999320983865,1.43188,1.4401608,sell
2020-10-12,1.6399999856948853,-0.19983923435211182,1.4401608,1.4619232,sell
2020-10-13,1.6399999856948853,-0.17807674407958984,1.4619232,1.4840114,sell
2020-10-14,1.5700000524520874,-0.08598864078521729,1.4840114,1.4831039,sell
2020-10-15,1.4900000095367432,-0.0068961381912231445,1.4831039,1.4827883,sell
2020-10-16,1.5,-0.0172116756439209,1.4827883,1.4812056,sell
2020-10-19,1.6200000047683716,-0.13879442214965798,1.4812056,1.4921759,sell
2020-10-20,1.5199999809265137,-0.027824044227600098,1.4921759,1.4925194,sell
2020-10-21,1.5,-0.007480621337890625,1.4925194,1.4923837,sell
2020-10-22,1.5499999523162842,-0.057616233825683594,1.4923837,1.4954413,sell
2020-10-23,1.5700000524520874,-0.07455873489379883,1.4954413,1.5024219,sell
2020-10-26,1.5099999904632568,-0.007578134536742942,1.5024219,1.5015193,sell
2020-10-27,1.4600000381469729,0.04151928424835183,1.5015193,1.4955381,buy
2020-10-28,1.5299999713897705,-0.0344618558883667,1.4955381,1.4965016,sell
2020-10-29,1.5399999618530271,-0.0434983968734739,1.4965016,1.4980623,sell
2020-10-30,1.5199999809265137,-0.02193772792816162,1.4980623,1.4981114,sell
2020-11-02,1.5399999618530271,-0.04188859462738015,1.4981114,1.5007187,sell
2020-11-03,1.6200000047683716,-0.1192812919616697,1.5007187,1.5108154,sell
2020-11-04,1.5499999523162842,-0.0391845703125,1.5108154,1.5127509,sell
2020-11-05,1.5399999618530271,-0.027249097824096458,1.5127509,1.5132776,sell
2020-11-06,1.5700000524520874,-0.056722402572631836,1.5132776,1.515756,sell
2020-11-09,1.6100000143051147,-0.09424400329589844,1.515756,1.5225177,sell
2020-11-10,1.559999942779541,-0.037482261657714844,1.5225177,1.5245719,sell
2020-11-11,1.5700000524520874,-0.04542815685272217,1.5245719,1.5272741,sell
2020-11-12,1.559999942779541,-0.03272581100463867,1.5272741,1.5285813,sell
2020-11-13,1.6000000238418581,-0.07141876220703125,1.5285813,1.5332937,sell
2020-11-16,1.6299999952316284,-0.09670627117156982,1.5332937,,sell
