Date,Open,trueTomorrow,predictedTomorrow,predictedAction,predicted,residual,stock
2018-11-19,1.3400000333786009,1.3600000143051147,1.363571614689297,buy,,,forward
2018-11-20,1.3600000143051147,1.3700000047683716,1.3653235031498803,buy,1.363571614689297,0.0035716003841823607,forward
2018-11-21,1.3700000047683716,1.350000023841858,1.3711318254470826,buy,1.3653235031498803,-0.004676501618491313,forward
2018-11-23,1.350000023841858,1.3899999856948853,1.3590228060881295,buy,1.3711318254470826,0.021131801605224654,forward
2018-11-26,1.3899999856948853,1.3700000047683716,1.3804190946949852,sell,1.3590228060881295,-0.030977179606755723,forward
2018-11-27,1.3700000047683716,1.3200000524520874,1.3753427803516387,buy,1.3804190946949852,0.010419089926613667,forward
2018-11-28,1.3200000524520874,1.3700000047683716,1.3415867229302725,buy,1.3753427803516387,0.0553427278995513,forward
2018-11-29,1.3700000047683716,1.3600000143051147,1.3633598340882196,sell,1.3415867229302725,-0.028413281838099103,forward
2018-11-30,1.3600000143051147,1.3700000047683716,1.3647976133558486,buy,1.3633598340882196,0.003359819783104845,forward
2018-12-03,1.3700000047683716,1.440000057220459,1.3709076815181307,buy,1.3647976133558486,-0.005202391412522989,forward
2018-12-04,1.440000057220459,1.350000023841858,1.417431408829159,sell,1.3709076815181307,-0.06909237570232829,forward
2018-12-06,1.350000023841858,1.4199999570846558,1.3758279429541693,buy,1.417431408829159,0.06743138498730117,forward
2018-12-07,1.4199999570846558,1.4299999475479126,1.4071946243445077,sell,1.3758279429541693,-0.04417201413048644,forward
2018-12-10,1.4299999475479126,1.4099999666213991,1.4260728081067402,sell,1.4071946243445077,-0.022805323203404892,forward
2018-12-11,1.4099999666213991,1.440000057220459,1.4178295354048411,buy,1.4260728081067402,0.01607284148534105,forward
2018-12-12,1.440000057220459,1.4199999570846558,1.4358676109049056,sell,1.4178295354048411,-0.02217052181561785,forward
2018-12-13,1.4199999570846558,1.4199999570846558,1.4302421742015414,buy,1.4358676109049056,0.015867653820249794,forward
2018-12-14,1.4199999570846558,1.4199999570846558,1.427321563164393,buy,1.4302421742015414,0.010242217116885666,forward
2018-12-17,1.4199999570846558,1.440000057220459,1.4278732849491966,buy,1.427321563164393,0.007321606079737197,forward
2018-12-18,1.440000057220459,1.399999976158142,1.441475780142678,buy,1.4278732849491966,-0.012126772271262354,forward
2018-12-19,1.399999976158142,1.399999976158142,1.4187640362315708,buy,1.441475780142678,0.041475803984535986,forward
2018-12-20,1.399999976158142,1.350000023841858,1.411162128051122,buy,1.4187640362315708,0.01876406007342868,forward
2018-12-21,1.350000023841858,1.2000000476837158,1.3777681231498717,buy,1.411162128051122,0.061162104209264045,forward
2018-12-24,1.2000000476837158,1.2899999618530271,1.2700962709056005,buy,1.3777681231498717,0.17776807546615592,forward
2018-12-26,1.2899999618530271,1.2300000190734863,1.2919932021035088,buy,1.2700962709056005,-0.01990369094742661,forward
2018-12-27,1.2300000190734863,1.2999999523162842,1.2610975788699255,buy,1.2919932021035088,0.061993183030022436,forward
2018-12-28,1.2999999523162842,1.2899999618530271,1.2916841685771943,sell,1.2610975788699255,-0.03890237344635872,forward
2018-12-31,1.2899999618530271,1.2699999809265137,1.2950116866164736,buy,1.2916841685771943,0.0016842067241671366,forward
2019-01-02,1.2699999809265137,1.3400000333786009,1.2815224601162805,buy,1.2950116866164736,0.025011705689959918,forward
2019-01-03,1.3400000333786009,1.3200000524520874,1.3234027253256904,sell,1.2815224601162805,-0.05847757326232039,forward
2019-01-04,1.3200000524520874,1.3300000429153442,1.3259050687154135,buy,1.3234027253256904,0.0034026728736029632,forward
2019-01-07,1.3300000429153442,1.3700000047683716,1.3329754498269824,buy,1.3259050687154135,-0.004094974199930768,forward
2019-01-08,1.3700000047683716,1.3700000047683716,1.36252438293563,sell,1.3329754498269824,-0.03702455494138923,forward
2019-01-09,1.3700000047683716,1.3799999952316284,1.3722570061683654,buy,1.36252438293563,-0.007475621832741641,forward
2019-01-10,1.3799999952316284,1.399999976158142,1.3813343783219656,buy,1.3722570061683654,-0.007742989063262984,forward
2019-01-11,1.399999976158142,1.4700000286102295,1.3973209540049234,sell,1.3813343783219656,-0.018665597836176495,forward
2019-01-14,1.4700000286102295,1.4900000095367432,1.446751637591256,sell,1.3973209540049234,-0.0726790746053061,forward
2019-01-15,1.4900000095367432,1.4700000286102295,1.475345136059655,sell,1.446751637591256,-0.04324837194548725,forward
2019-01-16,1.4700000286102295,1.4299999475479126,1.470811343193054,buy,1.475345136059655,0.005345107449425512,forward
2019-01-17,1.4299999475479126,1.4600000381469729,1.4445943150255416,buy,1.470811343193054,0.04081139564514147,forward
2019-01-18,1.4600000381469729,1.4500000476837158,1.4587454663382635,sell,1.4445943150255416,-0.015405723121431292,forward
2019-01-22,1.4500000476837158,1.4500000476837158,1.4564546393023596,buy,1.4587454663382635,0.008745418654547699,forward
2019-01-23,1.4500000476837158,1.4500000476837158,1.4549392137262556,buy,1.4564546393023596,0.006454591618643812,forward
2019-01-24,1.4500000476837158,1.4700000286102295,1.453467191590203,buy,1.4549392137262556,0.004939166042539744,forward
2019-01-25,1.4700000286102295,1.4800000190734863,1.4643042908774482,sell,1.453467191590203,-0.016532837020026392,forward
2019-01-28,1.4800000190734863,1.4800000190734863,1.4745042310820686,sell,1.4643042908774482,-0.01569572819603815,forward
2019-01-29,1.4800000190734863,1.4600000381469729,1.4781152996751996,sell,1.4745042310820686,-0.0054957879914177,forward
2019-01-30,1.4600000381469729,1.440000057220459,1.4660015053219264,buy,1.4781152996751996,0.018115261528226734,forward
2019-01-31,1.440000057220459,1.4600000381469729,1.4505703926086426,buy,1.4660015053219264,0.026001448101467428,forward
2019-02-01,1.4600000381469729,1.5099999904632568,1.4586488445599874,sell,1.4505703926086426,-0.009429645538330256,forward
2019-02-04,1.5099999904632568,1.5299999713897705,1.4939126160409715,sell,1.4586488445599874,-0.05135114590326939,forward
2019-02-05,1.5299999713897705,1.5700000524520874,1.516632330417633,sell,1.4939126160409715,-0.03608735534879903,forward
2019-02-06,1.5700000524520874,1.5800000429153442,1.5484277658992343,sell,1.516632330417633,-0.05336772203445439,forward
2019-02-07,1.5800000429153442,1.5499999523162842,1.5656686584154764,sell,1.5484277658992343,-0.031572277016109984,forward
2019-02-08,1.5499999523162842,1.5700000524520874,1.5513668371571434,buy,1.5656686584154764,0.015668706099192242,forward
2019-02-11,1.5700000524520874,1.559999942779541,1.5616448289818234,sell,1.5513668371571434,-0.018633215294943994,forward
2019-02-12,1.559999942779541,1.6599999666213991,1.5609194649590385,buy,1.5616448289818234,0.001644886202282425,forward
2019-02-13,1.6599999666213991,1.690000057220459,1.6252312978108723,sell,1.5609194649590385,-0.0990805016623606,forward
2019-02-14,1.690000057220459,1.6499999761581419,1.6640846437878078,sell,1.6252312978108723,-0.06476875940958671,forward
2019-02-15,1.6499999761581419,1.6399999856948853,1.6474804931216769,sell,1.6640846437878078,0.014084667629665981,forward
2019-02-19,1.6399999856948853,1.6299999952316284,1.634931770298216,sell,1.6474804931216769,0.007480507426791627,forward
2019-02-20,1.6299999952316284,1.6200000047683716,1.6255261209275986,sell,1.634931770298216,0.004931775066587596,forward
2019-02-21,1.6200000047683716,1.6599999666213991,1.6184065123399098,sell,1.6255261209275986,0.005526116159227046,forward
2019-02-22,1.6599999666213991,1.6699999570846558,1.6405422018633948,sell,1.6184065123399098,-0.041593454281489306,forward
2019-02-25,1.6699999570846558,1.6599999666213991,1.6547269033061134,sell,1.6405422018633948,-0.02945775522126093,forward
2019-02-26,1.6599999666213991,1.6599999666213991,1.6499005390538108,sell,1.6547269033061134,-0.005273063315285764,forward
2019-02-27,1.6599999666213991,1.6200000047683716,1.648519636525048,sell,1.6499005390538108,-0.010099427567588304,forward
2019-02-28,1.6200000047683716,1.6299999952316284,1.6229693823390536,buy,1.648519636525048,0.02851963175667649,forward
2019-03-01,1.6299999952316284,1.6499999761581419,1.6217135270436605,sell,1.6229693823390536,-0.0070306128925747835,forward
2019-03-04,1.6499999761581419,1.6499999761581419,1.6352489729722341,sell,1.6217135270436605,-0.028286449114481416,forward
2019-03-05,1.6499999761581419,1.6299999952316284,1.6390160547362433,sell,1.6352489729722341,-0.014751003185907718,forward
2019-03-06,1.6299999952316284,1.6399999856948853,1.6263412508699628,sell,1.6390160547362433,0.009016059504614926,forward
2019-03-07,1.6399999856948853,1.6200000047683716,1.6295811388227674,sell,1.6263412508699628,-0.013658734824922414,forward
2019-03-08,1.6200000047683716,1.559999942779541,1.618800398376253,sell,1.6295811388227674,0.009581134054395868,forward
2019-03-11,1.559999942779541,1.5499999523162842,1.576703984869851,buy,1.618800398376253,0.058800455596711876,forward
2019-03-12,1.5499999523162842,1.5499999523162842,1.5574913296434614,buy,1.576703984869851,0.026704032553566792,forward
2019-03-13,1.5499999523162842,1.5399999618530271,1.5483550760481093,sell,1.5574913296434614,0.0074913773271771955,forward
2019-03-14,1.5399999618530271,1.5199999809265137,1.5385349041885799,sell,1.5483550760481093,0.00835511419508217,forward
2019-03-15,1.5199999809265137,1.5,1.5214529275894164,buy,1.5385349041885799,0.018534923262066183,forward
2019-03-18,1.5,1.5299999713897705,1.502785219748815,buy,1.5214529275894164,0.021452927589416415,forward
2019-03-19,1.5299999713897705,1.5299999713897705,1.516021692752838,sell,1.502785219748815,-0.027214751640955548,forward
2019-03-20,1.5299999713897705,1.5299999713897705,1.5207432640923393,sell,1.516021692752838,-0.013978278636932462,forward
2019-03-21,1.5299999713897705,1.5099999904632568,1.5205679522620306,sell,1.5207432640923393,-0.009256707297431221,forward
2019-03-22,1.5099999904632568,1.5199999809265137,1.5090468320581647,sell,1.5205679522620306,0.010567961798773728,forward
2019-03-25,1.5199999809265137,1.4600000381469729,1.512581733200285,sell,1.5090468320581647,-0.010953148868348972,forward
2019-03-26,1.4600000381469729,1.4700000286102295,1.4754909773667653,buy,1.512581733200285,0.05258169505331223,forward
2019-03-27,1.4700000286102295,1.5,1.4696256120999653,sell,1.4754909773667653,0.005490948756535774,forward
2019-03-28,1.5,1.4800000190734863,1.4878891223006778,sell,1.4696256120999653,-0.03037438790003466,forward
2019-03-29,1.4800000190734863,1.4700000286102295,1.4811121582984923,buy,1.4878891223006778,0.007889103227191496,forward
2019-04-01,1.4700000286102295,1.4600000381469729,1.4714881194962395,buy,1.4811121582984923,0.011112129688262806,forward
2019-04-02,1.4600000381469729,1.5399999618530271,1.4634192301167381,buy,1.4714881194962395,0.011488081349266599,forward
2019-04-03,1.5399999618530271,1.559999942779541,1.5125107473797268,sell,1.4634192301167381,-0.07658073173628899,forward
2019-04-04,1.559999942779541,1.5299999713897705,1.540949296951294,sell,1.5125107473797268,-0.04748919539981422,forward
2019-04-05,1.5299999713897705,1.4800000190734863,1.5299845808082155,sell,1.540949296951294,0.010949325561523393,forward
2019-04-08,1.4800000190734863,1.5,1.4962376316388448,buy,1.5299845808082155,0.049984561734729205,forward
2019-04-09,1.5,1.5299999713897705,1.5020854731400808,buy,1.4962376316388448,-0.0037623683611551773,forward
2019-04-10,1.5299999713897705,1.4900000095367432,1.524055971039666,sell,1.5020854731400808,-0.027914498249689723,forward
2019-04-11,1.4900000095367432,1.5199999809265137,1.5031946692201825,buy,1.524055971039666,0.03405596150292278,forward
2019-04-12,1.5199999809265137,1.5900000333786009,1.5133633567227258,sell,1.5031946692201825,-0.01680531170633115,forward
2019-04-15,1.5900000333786009,1.5399999618530271,1.562050512764189,sell,1.5133633567227258,-0.07663667665587504,forward
2019-04-16,1.5399999618530271,1.6000000238418581,1.5452286952071719,buy,1.562050512764189,0.022050550911161926,forward
2019-04-17,1.6000000238418581,1.6000000238418581,1.5775354425112407,sell,1.5452286952071719,-0.054771328634686256,forward
2019-04-18,1.6000000238418581,1.6000000238418581,1.588908267683453,sell,1.5775354425112407,-0.02246458133061746,forward
2019-04-22,1.6000000238418581,1.5800000429153442,1.5942642350991567,sell,1.588908267683453,-0.011091756158405186,forward
2019-04-23,1.5800000429153442,1.5299999713897705,1.5846851600541008,buy,1.5942642350991567,0.014264192183812474,forward
2019-04-24,1.5299999713897705,1.4800000190734863,1.5491908464166853,buy,1.5846851600541008,0.05468518866433025,forward
2019-04-25,1.4800000190734863,1.5299999713897705,1.5071022325091892,buy,1.5491908464166853,0.06919082734319892,forward
2019-04-26,1.5299999713897705,1.4800000190734863,1.5253649519549475,sell,1.5071022325091892,-0.02289773888058133,forward
2019-04-29,1.4800000190734863,1.5199999809265137,1.4992716981305017,buy,1.5253649519549475,0.04536493288146115,forward
2019-04-30,1.5199999809265137,1.5,1.5133018573125203,sell,1.4992716981305017,-0.02072828279601202,forward
2019-05-01,1.5,1.4800000190734863,1.504583222998513,buy,1.5133018573125203,0.013301857312520315,forward
2019-05-02,1.4800000190734863,1.4700000286102295,1.486788268884023,buy,1.504583222998513,0.024583203925026664,forward
2019-05-03,1.4700000286102295,1.5,1.4747988641262053,buy,1.486788268884023,0.016788240273793553,forward
2019-05-06,1.5,1.4800000190734863,1.4900236752298144,sell,1.4747988641262053,-0.02520113587379469,forward
2019-05-07,1.4800000190734863,1.5199999809265137,1.482239735788769,buy,1.4900236752298144,0.010023656156328054,forward
2019-05-08,1.5199999809265137,1.5,1.5046300338374243,sell,1.482239735788769,-0.037760245137744564,forward
2019-05-09,1.5,1.4900000095367432,1.500050816933314,buy,1.5046300338374243,0.00463003383742433,forward
2019-05-10,1.4900000095367432,1.4500000476837158,1.4917788492308723,buy,1.500050816933314,0.010050807396570827,forward
2019-05-13,1.4500000476837158,1.4800000190734863,1.4640279101000893,buy,1.4917788492308723,0.04177880154715652,forward
2019-05-14,1.4800000190734863,1.4500000476837158,1.475357938475079,sell,1.4640279101000893,-0.01597210897339707,forward
2019-05-15,1.4500000476837158,1.3600000143051147,1.4590199444029066,buy,1.475357938475079,0.02535789079136319,forward
2019-05-16,1.3600000143051147,1.3799999952316284,1.3949976119730207,buy,1.4590199444029066,0.09901993009779186,forward
2019-05-17,1.3799999952316284,1.3799999952316284,1.38730960422092,buy,1.3949976119730207,0.014997616741392328,forward
2019-05-20,1.3799999952316284,1.3700000047683716,1.3847856832875145,buy,1.38730960422092,0.007309608989291672,forward
2019-05-21,1.3700000047683716,1.3400000333786009,1.3754784067471821,buy,1.3847856832875145,0.01478567851914292,forward
2019-05-22,1.3400000333786009,1.309999942779541,1.3526011354393428,buy,1.3754784067471821,0.035478373368581284,forward
2019-05-23,1.309999942779541,1.309999942779541,1.3268368773990207,buy,1.3526011354393428,0.04260119265980178,forward
2019-05-24,1.309999942779541,1.3200000524520874,1.3189725816249847,buy,1.3268368773990207,0.01683693461947966,forward
2019-05-28,1.3200000524520874,1.3300000429153442,1.3223774241076576,buy,1.3189725816249847,-0.00102747082710275,forward
2019-05-29,1.3300000429153442,1.3300000429153442,1.330935043758816,buy,1.3223774241076576,-0.007622618807686665,forward
2019-05-30,1.3300000429153442,1.2999999523162842,1.3338422927591536,buy,1.330935043758816,0.0009350008434718671,forward
2019-05-31,1.2999999523162842,1.2699999809265137,1.3153409242630005,buy,1.3338422927591536,0.03384234044286938,forward
2019-06-03,1.2699999809265137,1.2200000286102295,1.290672328737047,buy,1.3153409242630005,0.04534094333648686,forward
2019-06-04,1.2200000286102295,1.2200000286102295,1.2527811871634589,buy,1.290672328737047,0.07067230012681747,forward
2019-06-05,1.2200000286102295,1.2400000095367432,1.241073845492469,buy,1.2527811871634589,0.032781158553229384,forward
2019-06-06,1.2400000095367432,1.2300000190734863,1.2500815484258863,buy,1.241073845492469,0.0010738359557258548,forward
2019-06-07,1.2300000190734863,1.2799999713897705,1.2446160243617164,buy,1.2500815484258863,0.02008152935239993,forward
2019-06-10,1.2799999713897705,1.2200000286102295,1.2753993027740054,sell,1.2446160243617164,-0.03538394702805414,forward
2019-06-11,1.2200000286102295,1.1599999666213991,1.2483325627115038,buy,1.2753993027740054,0.05539927416377588,forward
2019-06-12,1.1599999666213991,1.1699999570846558,1.2022186319033303,buy,1.2483325627115038,0.08833259609010469,forward
2019-06-13,1.1699999570846558,1.1399999856948853,1.1954345915052627,buy,1.2022186319033303,0.032218674818674575,forward
2019-06-14,1.1399999856948853,1.190000057220459,1.1745771090189616,buy,1.1954345915052627,0.0554346058103774,forward
2019-06-17,1.190000057220459,1.2100000381469729,1.1967725919352636,buy,1.1745771090189616,-0.015422948201497366,forward
2019-06-18,1.2100000381469729,1.2400000095367432,1.2147080183029175,buy,1.1967725919352636,-0.013227446211709237,forward
2019-06-19,1.2400000095367432,1.1699999570846558,1.237757259607315,sell,1.2147080183029175,-0.02529199123382564,forward
2019-06-20,1.1699999570846558,1.190000057220459,1.2026209665669334,buy,1.237757259607315,0.06775730252265921,forward
2019-06-21,1.190000057220459,1.190000057220459,1.2051079505019717,buy,1.2026209665669334,0.012620909346474418,forward
2019-06-24,1.190000057220459,1.190000057220459,1.2070512433846792,buy,1.2051079505019717,0.015107893281512741,forward
2019-06-25,1.190000057220459,1.1599999666213991,1.2070201509528689,buy,1.2070512433846792,0.01705118616422019,forward
2019-06-26,1.1599999666213991,1.1799999475479126,1.187912717130449,buy,1.2070201509528689,0.047020184331469705,forward
2019-06-27,1.1799999475479126,1.1599999666213991,1.1937685542636447,buy,1.187912717130449,0.007912769582536505,forward
2019-06-28,1.1599999666213991,1.1399999856948853,1.1834536380238003,buy,1.1937685542636447,0.03376858764224555,forward
2019-07-01,1.1399999856948853,1.1599999666213991,1.167155757215288,buy,1.1834536380238003,0.04345365232891507,forward
2019-07-02,1.1599999666213991,1.1299999952316284,1.174831066528956,buy,1.167155757215288,0.007155790593888822,forward
2019-07-03,1.1299999952316284,1.1299999952316284,1.1580356776714325,buy,1.174831066528956,0.04483107129732766,forward
2019-07-05,1.1299999952316284,1.149999976158142,1.1500921792454188,buy,1.1580356776714325,0.028035682439804033,forward
2019-07-08,1.149999976158142,1.1699999570846558,1.1602598236666786,buy,1.1500921792454188,9.22030872767543e-05,forward
2019-07-09,1.1699999570846558,1.1699999570846558,1.1760366009341345,buy,1.1602598236666786,-0.009740133417977193,forward
2019-07-10,1.1699999570846558,1.190000057220459,1.179632431268692,buy,1.1760366009341345,0.006036643849478773,forward
2019-07-11,1.190000057220459,1.2000000476837158,1.192432298262914,buy,1.179632431268692,-0.010367625951766879,forward
2019-07-12,1.2000000476837158,1.1399999856948853,1.2024731993675233,buy,1.192432298262914,-0.007567749420801739,forward
2019-07-15,1.1399999856948853,1.1399999856948853,1.1688176155090333,buy,1.2024731993675233,0.06247321367263803,forward
2019-07-16,1.1399999856948853,1.1299999952316284,1.1574606815973918,buy,1.1688176155090333,0.028817629814148038,forward
2019-07-17,1.1299999952316284,1.1100000143051147,1.1474738498528798,buy,1.1574606815973918,0.027460686365763376,forward
2019-07-18,1.1100000143051147,1.1699999570846558,1.1297384685940213,buy,1.1474738498528798,0.037473835547765066,forward
2019-07-19,1.1699999570846558,1.0700000524520874,1.1615157253212398,sell,1.1297384685940213,-0.04026148849063449,forward
2019-07-22,1.0700000524520874,1.1200000047683716,1.1074075268374548,buy,1.1615157253212398,0.09151567286915241,forward
2019-07-23,1.1200000047683716,1.149999976158142,1.1209050178527833,buy,1.1074075268374548,-0.012592477930916779,forward
2019-07-24,1.149999976158142,1.1699999570846558,1.1458031939135658,sell,1.1209050178527833,-0.029094958305358798,forward
2019-07-25,1.1699999570846558,1.1100000143051147,1.1638010402520498,sell,1.1458031939135658,-0.024196763171089986,forward
2019-07-26,1.1100000143051147,1.149999976158142,1.130270289050208,buy,1.1638010402520498,0.05380102594693503,forward
2019-07-29,1.149999976158142,1.1399999856948853,1.1451639937029945,sell,1.130270289050208,-0.01972968710793399,forward
2019-07-30,1.1399999856948853,1.1200000047683716,1.1446898109383052,buy,1.1451639937029945,0.005164008008109233,forward
2019-07-31,1.1200000047683716,1.1399999856948853,1.1311566379335192,buy,1.1446898109383052,0.02468980616993366,forward
2019-08-01,1.1399999856948853,1.100000023841858,1.139844266573588,sell,1.1311566379335192,-0.008843347761366083,forward
2019-08-02,1.100000023841858,1.0800000429153442,1.117375263902876,buy,1.139844266573588,0.03984424273173004,forward
2019-08-05,1.0800000429153442,1.0599999427795408,1.0956554724110497,buy,1.117375263902876,0.037375220987531765,forward
2019-08-06,1.0599999427795408,1.0700000524520874,1.0752114574114482,buy,1.0956554724110497,0.035655529631508864,forward
2019-08-07,1.0700000524520874,1.1200000047683716,1.0745972467793359,buy,1.0752114574114482,0.005211404959360788,forward
2019-08-08,1.1200000047683716,1.0599999427795408,1.105475727054808,sell,1.0745972467793359,-0.0454027579890357,forward
2019-08-09,1.0599999427795408,1.0900000333786009,1.0779967327912647,buy,1.105475727054808,0.045475784275267106,forward
2019-08-12,1.0900000333786009,1.1100000143051147,1.0887758122550117,sell,1.0779967327912647,-0.012003300587336119,forward
2019-08-13,1.1100000143051147,1.100000023841858,1.1059020863638984,sell,1.0887758122550117,-0.021224202050103003,forward
2019-08-14,1.100000023841858,1.100000023841858,1.1040535502963595,buy,1.1059020863638984,0.005902062522040508,forward
2019-08-15,1.100000023841858,1.100000023841858,1.1027250342898898,buy,1.1040535502963595,0.0040535264545016325,forward
2019-08-16,1.100000023841858,1.1200000047683716,1.103905889723036,buy,1.1027250342898898,0.0027250104480318615,forward
2019-08-19,1.1200000047683716,1.100000023841858,1.116459584898419,sell,1.103905889723036,-0.016094115045335533,forward
2019-08-20,1.100000023841858,1.100000023841858,1.1085454119576348,buy,1.116459584898419,0.01645956105656099,forward
2019-08-21,1.100000023841858,1.1200000047683716,1.1049743625852797,buy,1.1085454119576348,0.008545388115776875,forward
2019-08-22,1.1200000047683716,1.0700000524520874,1.1168731093406676,sell,1.1049743625852797,-0.01502564218309188,forward
2019-08-23,1.0700000524520874,1.0700000524520874,1.0881066878636678,buy,1.1168731093406676,0.04687305688858023,forward
2019-08-26,1.0700000524520874,1.0700000524520874,1.0778405951129066,buy,1.0881066878636678,0.01810663541158042,forward
2019-08-27,1.0700000524520874,1.0599999427795408,1.0761932088269128,buy,1.0778405951129066,0.007840542660819239,forward
2019-08-28,1.0599999427795408,1.0800000429153442,1.067446349726783,buy,1.0761932088269128,0.016193266047372035,forward
2019-08-29,1.0800000429153442,1.0900000333786009,1.077586422363917,sell,1.067446349726783,-0.012553693188561255,forward
2019-08-30,1.0900000333786009,1.0599999427795408,1.0875597106085884,sell,1.077586422363917,-0.012413611014683745,forward
2019-09-03,1.0599999427795408,1.0900000333786009,1.071038120985031,buy,1.0875597106085884,0.027559767829047566,forward
2019-09-04,1.0900000333786009,1.0700000524520874,1.0853038741482628,sell,1.071038120985031,-0.018961912393569813,forward
2019-09-05,1.0700000524520874,1.1699999570846558,1.0782953295442792,buy,1.0853038741482628,0.01530382169617539,forward
2019-09-06,1.1699999570846558,1.1100000143051147,1.137922512160407,sell,1.0782953295442792,-0.09170462754037656,forward
2019-09-09,1.1100000143051147,1.149999976158142,1.1187299913830226,buy,1.137922512160407,0.027922497855292328,forward
2019-09-10,1.149999976158142,1.1599999666213991,1.1378526800208622,sell,1.1187299913830226,-0.03126998477511944,forward
2019-09-11,1.1599999666213991,1.190000057220459,1.152201141913732,sell,1.1378526800208622,-0.022147286600536997,forward
2019-09-12,1.190000057220459,1.149999976158142,1.1771994981500837,sell,1.152201141913732,-0.03779891530672708,forward
2019-09-13,1.149999976158142,1.1399999856948853,1.1593650135729048,buy,1.1771994981500837,0.027199521991941644,forward
2019-09-16,1.1399999856948853,1.1100000143051147,1.1465938177373673,buy,1.1593650135729048,0.019365027878019525,forward
2019-09-17,1.1100000143051147,1.1699999570846558,1.1256408717897204,buy,1.1465938177373673,0.0365938034322526,forward
2019-09-18,1.1699999570846558,1.1699999570846558,1.1563747021887036,sell,1.1256408717897204,-0.044359085294935374,forward
2019-09-19,1.1699999570846558,1.1200000047683716,1.1657155235608418,sell,1.1563747021887036,-0.013625254895952121,forward
2019-09-20,1.1200000047683716,1.149999976158142,1.1337260206540425,buy,1.1657155235608418,0.04571551879247027,forward
2019-09-23,1.149999976158142,1.1200000047683716,1.143260321352217,sell,1.1337260206540425,-0.016273955504099602,forward
2019-09-24,1.1200000047683716,1.1299999952316284,1.1278097265296512,buy,1.143260321352217,0.02326031658384542,forward
2019-09-25,1.1299999952316284,1.1100000143051147,1.1279295484224956,sell,1.1278097265296512,-0.0021902687019772493,forward
2019-09-26,1.1100000143051147,1.1200000047683716,1.113777310318417,buy,1.1279295484224956,0.017929534117380852,forward
2019-09-27,1.1200000047683716,1.0,1.1151497297816806,sell,1.113777310318417,-0.006222694449954602,forward
2019-09-30,1.0,1.0199999809265137,1.0386883702543046,buy,1.1151497297816806,0.11514972978168059,forward
2019-10-01,1.0199999809265137,1.0499999523162842,1.0268779635429381,buy,1.0386883702543046,0.018688389327790933,forward
2019-10-02,1.0499999523162842,0.9800000190734864,1.043302975098292,sell,1.0268779635429381,-0.023121988773346036,forward
2019-10-03,0.9800000190734864,1.0499999523162842,1.001942018005583,buy,1.043302975098292,0.06330295602480562,forward
2019-10-04,1.0499999523162842,1.0099999904632568,1.0313297616110908,sell,1.001942018005583,-0.04805793431070127,forward
2019-10-07,1.0099999904632568,1.0199999809265137,1.0187387473053402,buy,1.0313297616110908,0.021329771147833965,forward
2019-10-08,1.0199999809265137,1.0199999809265137,1.0191986872090233,sell,1.0187387473053402,-0.0012612336211734743,forward
2019-10-09,1.0199999809265137,1.0399999618530271,1.020456004805035,buy,1.0191986872090233,-0.0008012937174903811,forward
2019-10-10,1.0399999618530271,0.9900000095367432,1.0334020104673174,sell,1.020456004805035,-0.019543957047992055,forward
2019-10-11,0.9900000095367432,1.0299999713897705,1.0074515263239543,buy,1.0334020104673174,0.043402000930574225,forward
2019-10-14,1.0299999713897705,1.0099999904632568,1.0244148585531447,sell,1.0074515263239543,-0.022548445065816214,forward
2019-10-15,1.0099999904632568,1.0099999904632568,1.0173063536485036,buy,1.0244148585531447,0.0144148680898879,forward
2019-10-16,1.0099999904632568,1.0599999427795408,1.0144757356908587,buy,1.0173063536485036,0.0073063631852468,forward
2019-10-17,1.0599999427795408,1.0,1.0446680519315932,sell,1.0144757356908587,-0.0455242070886821,forward
2019-10-18,1.0,1.0399999618530271,1.0167185061507755,buy,1.0446680519315932,0.04466805193159318,forward
2019-10-21,1.0399999618530271,0.9800000190734864,1.032593168814977,sell,1.0167185061507755,-0.023281455702251597,forward
2019-10-22,0.9800000190734864,1.0800000429153442,1.0014443178971608,buy,1.032593168814977,0.05259314974149054,forward
2019-10-23,1.0800000429153442,1.0599999427795408,1.0534796628687118,sell,1.0014443178971608,-0.07855572501818342,forward
2019-10-24,1.0599999427795408,1.0399999618530271,1.0582380380895402,sell,1.0534796628687118,-0.006520279910829041,forward
2019-10-25,1.0399999618530271,1.0299999713897705,1.0456199288368224,buy,1.0582380380895402,0.01823807623651308,forward
2019-10-28,1.0299999713897705,1.0399999618530271,1.03722206486596,buy,1.0456199288368224,0.015619957447051913,forward
2019-10-29,1.0399999618530271,1.0700000524520874,1.041948859559165,buy,1.03722206486596,-0.0027778969870670966,forward
2019-10-30,1.0700000524520874,1.0700000524520874,1.0628006272845798,sell,1.041948859559165,-0.02805119289292235,forward
2019-10-31,1.0700000524520874,1.0199999809265137,1.0687844998306697,sell,1.0628006272845798,-0.0071994251675076,forward
2019-11-01,1.0199999809265137,1.0299999713897705,1.0381629910733965,buy,1.0687844998306697,0.04878451890415603,forward
2019-11-04,1.0299999713897705,1.0099999904632568,1.0368607666757372,buy,1.0381629910733965,0.008163019683625983,forward
2019-11-05,1.0099999904632568,1.0599999427795408,1.0234415100680456,buy,1.0368607666757372,0.026860776212480397,forward
2019-11-06,1.0599999427795408,1.0599999427795408,1.0499302042855156,sell,1.0234415100680456,-0.03655843271149517,forward
2019-11-07,1.0599999427795408,1.0399999618530271,1.0563412898116642,sell,1.0499302042855156,-0.010069738494025149,forward
2019-11-08,1.0399999618530271,1.0199999809265137,1.0445031026999156,buy,1.0563412898116642,0.016341327958637075,forward
2019-11-11,1.0199999809265137,1.0099999904632568,1.0294040507740445,buy,1.0445031026999156,0.02450312177340197,forward
2019-11-12,1.0099999904632568,0.9900000095367432,1.0192327035797966,buy,1.0294040507740445,0.019404060310787674,forward
2019-11-13,0.9900000095367432,1.0199999809265137,1.002369702524609,buy,1.0192327035797966,0.029232694043053398,forward
2019-11-14,1.0199999809265137,1.0099999904632568,1.0146708422236972,sell,1.002369702524609,-0.017630278401904675,forward
2019-11-15,1.0099999904632568,1.0,1.011481128136317,buy,1.0146708422236972,0.004670851760440353,forward
2019-11-18,1.0,1.0099999904632568,1.0030884630150265,buy,1.011481128136317,0.011481128136316965,forward
2019-11-19,1.0099999904632568,0.9900000095367432,1.0055398378107283,sell,1.0030884630150265,-0.006911527448230315,forward
2019-11-20,0.9900000095367432,1.0,0.9937399731742012,buy,1.0055398378107283,0.015539828273985146,forward
2019-11-21,1.0,1.0099999904632568,0.9950971715980106,sell,0.9937399731742012,-0.006260026825798848,forward
2019-11-22,1.0099999904632568,1.0099999904632568,1.0005221121841006,sell,0.9950971715980106,-0.014902818865246248,forward
2019-11-25,1.0099999904632568,1.0,1.0032258292039236,sell,1.0005221121841006,-0.009477878279156249,forward
2019-11-26,1.0,1.0299999713897705,0.9978739546404944,sell,1.0032258292039236,0.003225829203923558,forward
2019-11-27,1.0299999713897705,1.0199999809265137,1.0150785399807825,sell,0.9978739546404944,-0.032126016749276065,forward
2019-11-29,1.0199999809265137,1.0299999713897705,1.014936583571964,sell,1.0150785399807825,-0.004921440945731215,forward
2019-12-02,1.0299999713897705,1.0599999427795408,1.0209828827116225,sell,1.014936583571964,-0.015063387817806584,forward
2019-12-03,1.0599999427795408,1.0099999904632568,1.042206511232588,sell,1.0209828827116225,-0.039017060067918274,forward
2019-12-04,1.0099999904632568,1.0299999713897705,1.0179604570070901,buy,1.042206511232588,0.03220652076933117,forward
2019-12-05,1.0299999713897705,1.0399999618530271,1.021995226542155,sell,1.0179604570070901,-0.01203951438268036,forward
2019-12-06,1.0399999618530271,1.0199999809265137,1.0302193734380933,sell,1.021995226542155,-0.0180047353108721,forward
2019-12-09,1.0199999809265137,1.0099999904632568,1.0205041454897987,buy,1.0302193734380933,0.010219392511579661,forward
2019-12-10,1.0099999904632568,1.0,1.0100779791673025,buy,1.0205041454897987,0.010504155026541895,forward
2019-12-11,1.0,1.0,1.0019982828034295,buy,1.0100779791673025,0.010077979167302464,forward
2019-12-12,1.0,0.9700000286102296,0.9985382272137535,sell,1.0019982828034295,0.0019982828034295075,forward
2019-12-13,0.9700000286102296,1.0099999904632568,0.9781734002961052,buy,0.9985382272137535,0.028538198603523912,forward
2019-12-16,1.0099999904632568,0.9900000095367432,0.9956115027268727,sell,0.9781734002961052,-0.031826590167151614,forward
2019-12-17,0.9900000095367432,0.9800000190734864,0.9900965008470747,buy,0.9956115027268727,0.005611493190129546,forward
2019-12-18,0.9800000190734864,1.0499999523162842,0.9820248312420314,buy,0.9900965008470747,0.01009648177358824,forward
2019-12-19,1.0499999523162842,1.0199999809265137,1.0227692087491354,sell,0.9820248312420314,-0.06797512107425274,forward
2019-12-20,1.0199999809265137,1.0299999713897705,1.0170797367890676,sell,1.0227692087491354,0.002769227822621678,forward
2019-12-23,1.0299999713897705,0.9800000190734864,1.0206154969003465,sell,1.0170797367890676,-0.012920234600702907,forward
2019-12-24,0.9800000190734864,0.9900000095367432,0.9924962103366851,buy,1.0206154969003465,0.040615477826860036,forward
2019-12-26,0.9900000095367432,1.0,0.990303549501631,buy,0.9924962103366851,0.00249620079994195,forward
2019-12-27,1.0,0.9900000095367432,0.9955676383442349,sell,0.990303549501631,-0.00969645049836898,forward
2019-12-30,0.9900000095367432,0.9900000095367432,0.988677606317732,sell,0.9955676383442349,0.005567628807491731,forward
2019-12-31,0.9900000095367432,1.0,0.9862449493673112,sell,0.988677606317732,-0.0013224032190111146,forward
2020-01-02,1.0,0.9900000095367432,0.9917427029874589,sell,0.9862449493673112,-0.013755050632688781,forward
2020-01-03,0.9900000095367432,0.9900000095367432,0.9875748031669193,sell,0.9917427029874589,0.0017426934507157599,forward
2020-01-06,0.9900000095367432,1.0399999618530271,0.9851333538691203,sell,0.9875748031669193,-0.002425206369823907,forward
2020-01-07,1.0399999618530271,1.0299999713897705,1.016054985920588,sell,0.9851333538691203,-0.05486660798390686,forward
2020-01-08,1.0299999713897705,1.0399999618530271,1.0190164016352758,sell,1.016054985920588,-0.013944985469182436,forward
2020-01-09,1.0399999618530271,1.0499999523162842,1.0253537621763018,sell,1.0190164016352758,-0.020983560217751274,forward
2020-01-10,1.0499999523162842,1.25,1.036132393942939,sell,1.0253537621763018,-0.02464619013998237,forward
2020-01-13,1.25,1.1200000047683716,1.1688031680054134,sell,1.036132393942939,-0.213867606057061,forward
2020-01-14,1.1200000047683716,1.100000023841858,1.1267889188395606,buy,1.1688031680054134,0.04880316323704181,forward
2020-01-15,1.100000023841858,1.1100000143051147,1.0996357407834794,sell,1.1267889188395606,0.02678889499770265,forward
2020-01-16,1.1100000143051147,1.100000023841858,1.101659479406145,sell,1.0996357407834794,-0.010364273521635381,forward
2020-01-17,1.100000023841858,1.100000023841858,1.095353948407703,sell,1.101659479406145,0.0016594555642870379,forward
2020-01-21,1.100000023841858,1.1100000143051147,1.0923757566346062,sell,1.095353948407703,-0.0046460754341548505,forward
2020-01-22,1.1100000143051147,1.1100000143051147,1.0971517191992866,sell,1.0923757566346062,-0.01762425767050857,forward
2020-01-23,1.1100000143051147,1.1299999952316284,1.0970141801569198,sell,1.0971517191992866,-0.012848295105828189,forward
2020-01-24,1.1299999952316284,1.100000023841858,1.109997578461965,sell,1.0970141801569198,-0.03298581507470866,forward
2020-01-27,1.100000023841858,1.0800000429153442,1.0949411200152503,sell,1.109997578461965,0.009997554620106985,forward
2020-01-28,1.0800000429153442,1.1299999952316284,1.0773834202024672,sell,1.0949411200152503,0.014941077099906108,forward
2020-01-29,1.1299999952316284,1.1100000143051147,1.1040213995509678,sell,1.0773834202024672,-0.05261657502916117,forward
2020-01-30,1.1100000143051147,1.0900000333786009,1.0990014659033882,sell,1.1040213995509678,-0.00597861475414696,forward
2020-01-31,1.0900000333786009,1.100000023841858,1.0840198536713919,sell,1.0990014659033882,0.009001432524787356,forward
2020-02-03,1.100000023841858,1.0800000429153442,1.0863557696342467,sell,1.0840198536713919,-0.015980170170466046,forward
2020-02-04,1.0800000429153442,1.1200000047683716,1.074616335497962,sell,1.0863557696342467,0.006355726718902499,forward
2020-02-05,1.1200000047683716,1.1200000047683716,1.095156098736657,sell,1.074616335497962,-0.04538366927040949,forward
2020-02-06,1.1200000047683716,1.1399999856948853,1.1014550381236605,sell,1.095156098736657,-0.02484390603171449,forward
2020-02-07,1.1399999856948853,1.1299999952316284,1.1164870083332061,sell,1.1014550381236605,-0.03854494757122473,forward
2020-02-10,1.1299999952316284,1.1399999856948853,1.1150510834323035,sell,1.1164870083332061,-0.013512986898422286,forward
2020-02-11,1.1399999856948853,1.1399999856948853,1.1217035697566138,sell,1.1150510834323035,-0.02494890226258173,forward
2020-02-12,1.1399999856948853,1.1200000047683716,1.1252043571737078,sell,1.1217035697566138,-0.01829641593827147,forward
2020-02-13,1.1200000047683716,1.1299999952316284,1.1134138378832075,sell,1.1252043571737078,0.005204352405336232,forward
2020-02-14,1.1299999952316284,1.1599999666213991,1.1162891884644826,sell,1.1134138378832075,-0.01658615734842095,forward
2020-02-18,1.1599999666213991,1.1299999952316284,1.1370828535821702,sell,1.1162891884644826,-0.043710778156916597,forward
2020-02-19,1.1299999952316284,1.0900000333786009,1.1230104512638517,sell,1.1370828535821702,0.0070828583505417875,forward
2020-02-20,1.0900000333786009,1.0800000429153442,1.0923326624764336,buy,1.1230104512638517,0.03301041788525083,forward
2020-02-21,1.0800000429153442,1.0900000333786009,1.0771553231610191,sell,1.0923326624764336,0.01233261956108933,forward
2020-02-24,1.0900000333786009,1.0599999427795408,1.0777599387698704,sell,1.0771553231610191,-0.012844710217581712,forward
2020-02-25,1.0599999427795408,1.0499999523162842,1.0594372570514679,sell,1.0777599387698704,0.017759995990329625,forward
2020-02-26,1.0499999523162842,1.0399999618530271,1.0456859985987346,sell,1.0594372570514679,0.009437304735183671,forward
2020-02-27,1.0399999618530271,0.9700000286102296,1.0358194675710466,sell,1.0456859985987346,0.005686036745707446,forward
2020-02-28,0.9700000286102296,1.0,0.9889326618777381,buy,1.0358194675710466,0.06581943896081699,forward
2020-03-02,1.0,1.0099999904632568,0.9939058297210269,sell,0.9889326618777381,-0.011067338122261905,forward
2020-03-03,1.0099999904632568,0.9900000095367432,1.002447528971566,sell,0.9939058297210269,-0.016094160742229913,forward
2020-03-04,0.9900000095367432,0.9900000095367432,0.9926155130068461,buy,1.002447528971566,0.012447519434822807,forward
2020-03-05,0.9900000095367432,1.0,0.9906889690293206,buy,0.9926155130068461,0.0026155034701029756,forward
2020-03-06,1.0,1.0099999904632568,0.9979224913650089,sell,0.9906889690293206,-0.009311030970679424,forward
2020-03-09,1.0099999904632568,1.0099999904632568,1.0085203733709123,sell,0.9979224913650089,-0.012077499098247957,forward
2020-03-10,1.0099999904632568,1.0099999904632568,1.0118603838814628,buy,1.0085203733709123,-0.001479617092344565,forward
2020-03-11,1.0099999904632568,0.9900000095367432,1.0117440230316586,buy,1.0118603838814628,0.0018603934182059856,forward
2020-03-12,0.9900000095367432,1.0,0.9998460994826422,buy,1.0117440230316586,0.021744013494915393,forward
2020-03-13,1.0,0.9900000095367432,1.003554935587777,buy,0.9998460994826422,-0.00015390051735775234,forward
2020-03-16,0.9900000095367432,1.0299999713897705,0.9986445930269029,buy,1.003554935587777,0.013554926051033922,forward
2020-03-17,1.0299999713897705,1.0199999809265137,1.0213527606593238,sell,0.9986445930269029,-0.031355378362867614,forward
2020-03-18,1.0199999809265137,0.959999978542328,1.0228311452600691,buy,1.0213527606593238,0.0013527797328101165,forward
2020-03-19,0.959999978542328,1.0,0.9869115736749436,buy,1.0228311452600691,0.06283116671774114,forward
2020-03-20,1.0,0.9900000095367432,0.9997438162565231,sell,0.9869115736749436,-0.013088426325056357,forward
2020-03-23,0.9900000095367432,1.0499999523162842,0.998013346393903,buy,0.9997438162565231,0.009743806719779924,forward
2020-03-24,1.0499999523162842,1.100000023841858,1.0336018492778143,sell,0.998013346393903,-0.051986605922381135,forward
2020-03-25,1.100000023841858,1.0199999809265137,1.0774727440542644,sell,1.0336018492778143,-0.06639817456404362,forward
2020-03-26,1.0199999809265137,1.0800000429153442,1.0399735308355755,buy,1.0774727440542644,0.05747276312775074,forward
2020-03-27,1.0800000429153442,1.149999976158142,1.0666583117511537,sell,1.0399735308355755,-0.040026512079768706,forward
2020-03-30,1.149999976158142,1.0700000524520874,1.1227895985047023,sell,1.0666583117511537,-0.08334166440698842,forward
2020-03-31,1.0700000524520874,1.1200000047683716,1.0883181548780865,buy,1.1227895985047023,0.05278954605261488,forward
2020-04-01,1.1200000047683716,1.1299999952316284,1.1095296545161142,sell,1.0883181548780865,-0.03168184989028511,forward
2020-04-02,1.1299999952316284,1.100000023841858,1.125387551718288,sell,1.1095296545161142,-0.020470340715514235,forward
2020-04-03,1.100000023841858,1.100000023841858,1.1095814092291725,buy,1.125387551718288,0.02538752787643017,forward
2020-04-06,1.100000023841858,1.0700000524520874,1.1043956561221016,buy,1.1095814092291725,0.009581385387314567,forward
2020-04-07,1.0700000524520874,1.100000023841858,1.0838785300652185,buy,1.1043956561221016,0.03439560367001415,forward
2020-04-08,1.100000023841858,1.0900000333786009,1.0953280180692673,sell,1.0838785300652185,-0.016121493776639406,forward
2020-04-09,1.0900000333786009,1.1200000047683716,1.091631109515826,buy,1.0953280180692673,0.005327984690666421,forward
2020-04-13,1.1200000047683716,1.149999976158142,1.1087843229373295,sell,1.091631109515826,-0.0283688952525456,forward
2020-04-14,1.149999976158142,1.0800000429153442,1.1326985627412796,sell,1.1087843229373295,-0.041215653220812554,forward
2020-04-15,1.0800000429153442,1.1100000143051147,1.0946818990839853,buy,1.1326985627412796,0.05269851982593532,forward
2020-04-16,1.1100000143051147,1.0499999523162842,1.1005984561310873,sell,1.0946818990839853,-0.015318115221129469,forward
2020-04-17,1.0499999523162842,1.100000023841858,1.0662723902199003,buy,1.1005984561310873,0.05059850381480313,forward
2020-04-20,1.100000023841858,1.0599999427795408,1.0853776848978467,sell,1.0662723902199003,-0.03372763362195763,forward
2020-04-21,1.0599999427795408,1.100000023841858,1.064864519238472,buy,1.0853776848978467,0.0253777421183059,forward
2020-04-22,1.100000023841858,1.0499999523162842,1.0820909953779645,sell,1.064864519238472,-0.03513550460338588,forward
2020-04-23,1.0499999523162842,1.0099999904632568,1.0555931869480344,buy,1.0820909953779645,0.03209104306168031,forward
2020-04-24,1.0099999904632568,1.0299999713897705,1.0210986173815197,buy,1.0555931869480344,0.045593196484777554,forward
2020-04-27,1.0299999713897705,1.0700000524520874,1.024320904744996,sell,1.0210986173815197,-0.008901354008250761,forward
2020-04-28,1.0700000524520874,1.0299999713897705,1.049890660908487,sell,1.024320904744996,-0.04567914770709147,forward
2020-04-29,1.0299999713897705,1.0599999427795408,1.031781710849868,buy,1.049890660908487,0.01989068951871653,forward
2020-04-30,1.0599999427795408,1.100000023841858,1.044868673549758,sell,1.031781710849868,-0.028218231929672877,forward
2020-05-01,1.100000023841858,1.100000023841858,1.075725053747495,sell,1.044868673549758,-0.05513135029209981,forward
2020-05-04,1.100000023841858,1.1100000143051147,1.0857403606176377,sell,1.075725053747495,-0.02427497009436297,forward
2020-05-05,1.1100000143051147,1.100000023841858,1.0955700135893292,sell,1.0857403606176377,-0.024259653687477067,forward
2020-05-06,1.100000023841858,1.100000023841858,1.0936468684011036,sell,1.0955700135893292,-0.00443001025252876,forward
2020-05-07,1.100000023841858,1.100000023841858,1.0935772177245882,sell,1.0936468684011036,-0.006353155440754321,forward
2020-05-08,1.100000023841858,1.149999976158142,1.0944063547584746,sell,1.0935772177245882,-0.006422806117269753,forward
2020-05-11,1.149999976158142,1.100000023841858,1.1272099213467703,sell,1.0944063547584746,-0.0555936213996675,forward
2020-05-12,1.100000023841858,1.100000023841858,1.104748253358735,buy,1.1272099213467703,0.027209897504912428,forward
2020-05-13,1.100000023841858,1.0900000333786009,1.097199523117807,sell,1.104748253358735,0.004748229516877034,forward
2020-05-14,1.0900000333786009,1.0800000429153442,1.089816282524003,sell,1.097199523117807,0.007199489739206255,forward
2020-05-15,1.0800000429153442,1.0900000333786009,1.0814356959528393,buy,1.089816282524003,0.009816239608658739,forward
2020-05-18,1.0900000333786009,1.0900000333786009,1.0858240064647462,sell,1.0814356959528393,-0.00856433742576157,forward
2020-05-19,1.0900000333786009,1.100000023841858,1.0877586778667239,sell,1.0858240064647462,-0.004176026913854658,forward
2020-05-20,1.100000023841858,1.1399999856948853,1.093857623802291,sell,1.0877586778667239,-0.012241345975134044,forward
2020-05-21,1.1399999856948853,1.2000000476837158,1.1215946386257807,sell,1.093857623802291,-0.04614236189259424,forward
2020-05-22,1.2000000476837158,1.25,1.1711392538415062,sell,1.1215946386257807,-0.07840540905793514,forward
2020-05-26,1.25,1.1599999666213991,1.2194986790418625,sell,1.1711392538415062,-0.07886074615849381,forward
2020-05-27,1.1599999666213991,1.2100000381469729,1.175625761018859,buy,1.2194986790418625,0.05949871242046334,forward
2020-05-28,1.2100000381469729,1.2400000095367432,1.1966524922185473,sell,1.175625761018859,-0.03437427712811392,forward
2020-05-29,1.2400000095367432,1.2400000095367432,1.224774530529976,sell,1.1966524922185473,-0.04334751731819586,forward
2020-06-01,1.2400000095367432,1.2400000095367432,1.2322713795635436,sell,1.224774530529976,-0.015225479006767184,forward
2020-06-02,1.2400000095367432,1.25,1.2334643777873782,sell,1.2322713795635436,-0.007728629973199563,forward
2020-06-03,1.25,1.25,1.2415666629870732,sell,1.2334643777873782,-0.016535622212621837,forward
2020-06-04,1.25,1.25,1.2445509509907828,sell,1.2415666629870732,-0.008433337012926811,forward
2020-06-05,1.25,1.25,1.2451231297519472,sell,1.2445509509907828,-0.005449049009217166,forward
2020-06-08,1.25,1.309999942779541,1.2451780143711302,sell,1.2451231297519472,-0.004876870248052834,forward
2020-06-09,1.309999942779541,1.2799999713897705,1.2832711673445172,sell,1.2451780143711302,-0.06482192840841083,forward
2020-06-10,1.2799999713897705,1.2699999809265137,1.2754908346467548,sell,1.2832711673445172,0.003271195954746675,forward
2020-06-11,1.2699999809265137,1.2400000095367432,1.2652261763811112,sell,1.2754908346467548,0.005490853720241162,forward
2020-06-12,1.2400000095367432,1.2699999809265137,1.242984660797649,buy,1.2652261763811112,0.02522616684436807,forward
2020-06-15,1.2699999809265137,1.3799999952316284,1.2562818358341852,sell,1.242984660797649,-0.02701532012886476,forward
2020-06-16,1.3799999952316284,1.440000057220459,1.332945261730088,sell,1.2562818358341852,-0.12371815939744324,forward
2020-06-17,1.440000057220459,1.3300000429153442,1.3950840655300352,sell,1.332945261730088,-0.10705479549037089,forward
2020-06-18,1.3300000429153442,1.4199999570846558,1.3400861273209255,buy,1.3950840655300352,0.06508402261469093,forward
2020-06-19,1.4199999570846558,1.5,1.383856792251269,sell,1.3400861273209255,-0.07991382976373029,forward
2020-06-22,1.5,1.4299999475479126,1.456731249557601,sell,1.383856792251269,-0.11614320774873099,forward
2020-06-23,1.4299999475479126,1.3899999856948853,1.4318188312980864,buy,1.456731249557601,0.02673130200968843,forward
2020-06-24,1.3899999856948853,1.3899999856948853,1.3963518609603245,buy,1.4318188312980864,0.04181884560320115,forward
2020-06-25,1.3899999856948853,1.3799999952316284,1.3891235149568981,sell,1.3963518609603245,0.006351875265439233,forward
2020-06-26,1.3799999952316284,1.2599999904632568,1.3812466187609567,buy,1.3891235149568981,0.009123519725269702,forward
2020-06-29,1.2599999904632568,1.2899999618530271,1.296410212583012,buy,1.3812466187609567,0.12124662829769983,forward
2020-06-30,1.2899999618530271,1.2999999523162842,1.2872611744536293,sell,1.296410212583012,0.006410250729984801,forward
2020-07-01,1.2999999523162842,1.3200000524520874,1.2916392859485415,sell,1.2872611744536293,-0.012738777862654871,forward
2020-07-02,1.3200000524520874,1.3200000524520874,1.3028797139724095,sell,1.2916392859485415,-0.02836076650354591,forward
2020-07-06,1.3200000524520874,1.309999942779541,1.3051132688919702,sell,1.3028797139724095,-0.017120338479677866,forward
2020-07-07,1.309999942779541,1.3300000429153442,1.298980638384819,sell,1.3051132688919702,-0.004886673887570803,forward
2020-07-08,1.3300000429153442,1.3400000333786009,1.3104349649614757,sell,1.298980638384819,-0.031019404530525208,forward
2020-07-09,1.3400000333786009,1.309999942779541,1.321974859966172,sell,1.3104349649614757,-0.02956506841712514,forward
2020-07-10,1.309999942779541,1.2899999618530271,1.3061221059825685,sell,1.321974859966172,0.011974917186631018,forward
2020-07-13,1.2899999618530271,1.2799999713897705,1.2891592837042278,sell,1.3061221059825685,0.016122144129541383,forward
2020-07-14,1.2799999713897705,1.3200000524520874,1.277661700050036,sell,1.2891592837042278,0.009159312314457324,forward
2020-07-15,1.3200000524520874,1.2599999904632568,1.30132162074248,sell,1.277661700050036,-0.042338352402051305,forward
2020-07-16,1.2599999904632568,1.2799999713897705,1.2704815920856263,buy,1.30132162074248,0.0413216302792232,forward
2020-07-17,1.2799999713897705,1.2799999713897705,1.2736468993955188,sell,1.2704815920856263,-0.009518379304144231,forward
2020-07-20,1.2799999713897705,1.2699999809265137,1.2760461592011982,sell,1.2736468993955188,-0.006353071994251724,forward
2020-07-21,1.2699999809265137,1.2400000095367432,1.2695730901426738,sell,1.2760461592011982,0.006046178274684566,forward
2020-07-22,1.2400000095367432,1.2599999904632568,1.2475767330990897,buy,1.2695730901426738,0.02957308060593067,forward
2020-07-23,1.2599999904632568,1.2699999809265137,1.2552829653024673,sell,1.2475767330990897,-0.012423257364167162,forward
2020-07-24,1.2699999809265137,1.2599999904632568,1.2649202244149313,sell,1.2552829653024673,-0.01471701562404637,forward
2020-07-27,1.2599999904632568,1.309999942779541,1.2611369752221637,buy,1.2649202244149313,0.004920233951674513,forward
2020-07-28,1.309999942779541,1.2999999523162842,1.2921781576342053,sell,1.2611369752221637,-0.04886296755737729,forward
2020-07-29,1.2999999523162842,1.2899999618530271,1.2959923343525992,sell,1.2921781576342053,-0.007821794682078886,forward
2020-07-30,1.2899999618530271,1.4099999666213991,1.2915019833379322,buy,1.2959923343525992,0.005992372499572074,forward
2020-07-31,1.4099999666213991,1.4199999570846558,1.3681894603702758,sell,1.2915019833379322,-0.11849798328346695,forward
2020-08-03,1.4199999570846558,1.4500000476837158,1.4011407398515277,sell,1.3681894603702758,-0.05181049671437998,forward
2020-08-04,1.4500000476837158,1.440000057220459,1.4300604823562835,sell,1.4011407398515277,-0.04885930783218817,forward
2020-08-05,1.440000057220459,1.4199999570846558,1.4341216779417463,sell,1.4300604823562835,-0.009939574864175516,forward
2020-08-06,1.4199999570846558,1.4299999475479126,1.4251866045925352,buy,1.4341216779417463,0.014121720857090514,forward
2020-08-07,1.4299999475479126,1.440000057220459,1.4308937069442538,buy,1.4251866045925352,-0.0048133429553773865,forward
2020-08-10,1.440000057220459,1.399999976158142,1.4413958645529217,buy,1.4308937069442538,-0.00910635027620521,forward
2020-08-11,1.399999976158142,1.350000023841858,1.419024849269125,buy,1.4413958645529217,0.04139588839477959,forward
2020-08-12,1.350000023841858,1.3799999952316284,1.3776584800746705,buy,1.419024849269125,0.06902482542726718,forward
2020-08-13,1.3799999952316284,1.3600000143051147,1.384550694293446,buy,1.3776584800746705,-0.0023415151569579074,forward
2020-08-14,1.3600000143051147,1.3700000047683716,1.3745137727922863,buy,1.384550694293446,0.02455067998833127,forward
2020-08-17,1.3700000047683716,2.1800000667572017,1.3747398174471326,buy,1.3745137727922863,0.004513768023914677,forward
2020-08-18,2.1800000667572017,1.6200000047683716,1.9078511890437868,sell,1.3747398174471326,-0.8052602493100691,forward
2020-08-19,1.6200000047683716,1.7400000095367432,1.7019267310698827,buy,1.9078511890437868,0.28785118427541523,forward
2020-08-20,1.7400000095367432,1.6499999761581419,1.7004866808652879,sell,1.7019267310698827,-0.03807327846686048,forward
2020-08-21,1.6499999761581419,1.6399999856948853,1.6630078703165054,buy,1.7004866808652879,0.050486704707146,forward
2020-08-24,1.6399999856948853,1.559999942779541,1.6531566537088818,buy,1.6630078703165054,0.023007884621620178,forward
2020-08-25,1.559999942779541,1.6499999761581419,1.5982736948463652,buy,1.6531566537088818,0.09315671092934075,forward
2020-08-26,1.6499999761581419,1.5199999809265137,1.6369109792841805,sell,1.5982736948463652,-0.0517262813117767,forward
2020-08-27,1.5199999809265137,1.6200000047683716,1.5610294193029404,buy,1.6369109792841805,0.11691099835766683,forward
2020-08-28,1.6200000047683716,1.6299999952316284,1.5968126095003552,sell,1.5610294193029404,-0.05897058546543121,forward
2020-08-31,1.6299999952316284,1.6200000047683716,1.615305710832278,sell,1.5968126095003552,-0.03318738573127322,forward
2020-09-01,1.6200000047683716,1.6000000238418581,1.611225825217035,sell,1.615305710832278,-0.004694293936093663,forward
2020-09-02,1.6000000238418581,1.5399999618530271,1.5956770383649401,sell,1.611225825217035,0.011225801375176925,forward
2020-09-03,1.5399999618530271,1.4900000095367432,1.552497074007988,buy,1.5956770383649401,0.055677076511913004,forward
2020-09-04,1.4900000095367432,1.4800000190734863,1.5070004691680272,buy,1.552497074007988,0.06249706447124481,forward
2020-09-08,1.4800000190734863,1.5,1.4865948686997095,buy,1.5070004691680272,0.027000450094540884,forward
2020-09-09,1.5,1.5,1.4921767920255662,sell,1.4865948686997095,-0.01340513130029053,forward
2020-09-10,1.5,1.5199999809265137,1.491663004623519,sell,1.4921767920255662,-0.00782320797443381,forward
2020-09-11,1.5199999809265137,1.4500000476837158,1.5027391456895405,sell,1.491663004623519,-0.028336976302994588,forward
2020-09-14,1.4500000476837158,1.399999976158142,1.4596890181303024,buy,1.5027391456895405,0.05273909800582466,forward
2020-09-15,1.399999976158142,1.4099999666213991,1.4134312493933572,buy,1.4596890181303024,0.059689041972160295,forward
2020-09-16,1.4099999666213991,1.4199999570846558,1.407599519027604,sell,1.4134312493933572,0.003431282771958033,forward
2020-09-17,1.4199999570846558,1.4299999475479126,1.4133833908372455,sell,1.407599519027604,-0.01240043805705171,forward
2020-09-18,1.4299999475479126,1.4500000476837158,1.4197894603013992,sell,1.4133833908372455,-0.016616556710667085,forward
2020-09-21,1.4500000476837158,1.3700000047683716,1.434548442562421,sell,1.4197894603013992,-0.030210587382316634,forward
2020-09-22,1.3700000047683716,1.4500000476837158,1.3880993667576047,buy,1.434548442562421,0.0645484377940495,forward
2020-09-23,1.4500000476837158,1.3799999952316284,1.4254330572154787,sell,1.3880993667576047,-0.06190068092611112,forward
2020-09-24,1.3799999952316284,1.350000023841858,1.3965378671884536,buy,1.4254330572154787,0.04543306198385033,forward
2020-09-25,1.350000023841858,1.4099999666213991,1.3676198684506946,buy,1.3965378671884536,0.04653784334659572,forward
2020-09-28,1.4099999666213991,1.4099999666213991,1.3973513666126463,sell,1.3676198684506946,-0.04238009817070454,forward
2020-09-29,1.4099999666213991,1.399999976158142,1.4076759156253602,sell,1.3973513666126463,-0.012648600008752897,forward
2020-09-30,1.399999976158142,1.4099999666213991,1.4012183517217636,buy,1.4076759156253602,0.007675939467218118,forward
2020-10-01,1.4099999666213991,1.4099999666213991,1.4071175214317109,sell,1.4012183517217636,-0.008781614899635581,forward
2020-10-02,1.4099999666213991,1.4600000381469729,1.4098212258683311,sell,1.4071175214317109,-0.0028824451896882763,forward
2020-10-05,1.4600000381469729,1.4700000286102295,1.442445138759083,sell,1.4098212258683311,-0.05017881227864174,forward
2020-10-06,1.4700000286102295,1.4500000476837158,1.459455869264073,sell,1.442445138759083,-0.027554889851146402,forward
2020-10-07,1.4500000476837158,1.4800000190734863,1.4525111261341306,buy,1.459455869264073,0.009455821580357071,forward
2020-10-08,1.4800000190734863,1.5099999904632568,1.4724352416065003,sell,1.4525111261341306,-0.027488892939355747,forward
2020-10-09,1.5099999904632568,1.6399999856948853,1.5015643487373989,sell,1.4724352416065003,-0.037564748856756536,forward
2020-10-12,1.6399999856948853,1.6399999856948853,1.6027313215865029,sell,1.5015643487373989,-0.1384356369574864,forward
2020-10-13,1.6399999856948853,1.5700000524520874,1.629467268453704,sell,1.6027313215865029,-0.037268664108382366,forward
2020-10-14,1.5700000524520874,1.4900000095367432,1.5898913320567873,buy,1.629467268453704,0.05946721600161653,forward
2020-10-15,1.4900000095367432,1.5,1.5288877377907435,buy,1.5898913320567873,0.09989132252004418,forward
2020-10-16,1.5,1.6200000047683716,1.5193066560559803,buy,1.5288877377907435,0.028887737790743495,forward
2020-10-19,1.6200000047683716,1.5199999809265137,1.5938017378250757,sell,1.5193066560559803,-0.10069334871239133,forward
2020-10-20,1.5199999809265137,1.5,1.5508995410468842,buy,1.5938017378250757,0.07380175689856205,forward
2020-10-21,1.5,1.5499999523162842,1.5182952870925268,buy,1.5508995410468842,0.05089954104688421,forward
2020-10-22,1.5499999523162842,1.5700000524520874,1.5425066494279438,sell,1.5182952870925268,-0.03170466522375737,forward
2020-10-23,1.5700000524520874,1.5099999904632568,1.5641043255726497,sell,1.5425066494279438,-0.027493403024143603,forward
2020-10-26,1.5099999904632568,1.4600000381469729,1.5302946027782227,buy,1.5641043255726497,0.05410433510939283,forward
2020-10-27,1.4600000381469729,1.5299999713897705,1.4855339192681842,buy,1.5302946027782227,0.07029456463124983,forward
2020-10-28,1.5299999713897705,1.5399999618530271,1.5171287659141752,sell,1.4855339192681842,-0.044466052121586275,forward
2020-10-29,1.5399999618530271,1.5199999809265137,1.5334001312653223,sell,1.5171287659141752,-0.022871195938851896,forward
2020-10-30,1.5199999809265137,1.5399999618530271,1.5231672488980823,buy,1.5334001312653223,0.013400150338808592,forward
2020-11-02,1.5399999618530271,1.6200000047683716,1.5328242007229063,sell,1.5231672488980823,-0.016832712954944817,forward
2020-11-03,1.6200000047683716,1.5499999523162842,1.5882597575585047,sell,1.5328242007229063,-0.08717580404546532,forward
2020-11-04,1.5499999523162842,1.5399999618530271,1.5605007578929264,buy,1.5882597575585047,0.0382598052422205,forward
2020-11-05,1.5399999618530271,1.5700000524520874,1.5437360846334034,buy,1.5605007578929264,0.020500796039899294,forward
2020-11-06,1.5700000524520874,1.6100000143051147,1.5589297483364741,sell,1.5437360846334034,-0.02626396781868401,forward
2020-11-09,1.6100000143051147,1.559999942779541,1.5911936160590914,sell,1.5589297483364741,-0.051070265968640616,forward
2020-11-10,1.559999942779541,1.5700000524520874,1.5681005302402709,buy,1.5911936160590914,0.03119367327955036,forward
2020-11-11,1.5700000524520874,1.559999942779541,1.566614755988121,sell,1.5681005302402709,-0.0018995222118165511,forward
2020-11-12,1.559999942779541,1.6000000238418581,1.5613860093884997,buy,1.566614755988121,0.006614813208579928,forward
2020-11-13,1.6000000238418581,1.6299999952316284,1.5845955434772703,sell,1.5613860093884997,-0.038614014453358436,forward
2020-11-16,1.6299999952316284,,,sell,1.5845955434772703,-0.045404451754358144,forward
